time_key,open,high,low,close,volume,turnover,code,name
2025-09-10 09:00:00,176.64,178.95,175.47,177.445,48259197.0,8555353539.533,US.NVDA,NVIDIA
2025-09-10 10:00:00,177.44,179.19,176.8126,178.635,43893511.0,7808612920.089,US.NVDA,NVIDIA
2025-09-10 11:00:00,178.63,179.29,177.7,178.055,26183194.0,4675501301.9539995,US.NVDA,NVIDIA
2025-09-10 12:00:00,178.0501,178.13,177.37,177.6899,18055475.0,3208891120.511,US.NVDA,NVIDIA
2025-09-10 13:00:00,177.685,178.32,177.41,177.625,14106234.0,2509290533.506,US.NVDA,NVIDIA
2025-09-10 14:00:00,177.625,177.77,176.15,176.525,19925696.0,3524277880.366,US.NVDA,NVIDIA
2025-09-10 15:00:00,176.5224,177.5451,175.96,177.24,23818751.0,4209937830.303,US.NVDA,NVIDIA
2025-09-10 16:00:00,177.25,177.98,177.12,177.33,18969730.0,3364092825.729,US.NVDA,NVIDIA
2025-09-11 09:00:00,179.68,180.28,177.61,178.18,25679825.0,4590390783.065,US.NVDA,NVIDIA
2025-09-11 10:00:00,178.17,178.2799,176.925,177.58,25870792.0,4594905737.705,US.NVDA,NVIDIA
2025-09-11 11:00:00,177.57,178.53,177.15,178.2,21085661.0,3753740351.288,US.NVDA,NVIDIA
2025-09-11 12:00:00,178.2,178.27,177.02,177.2,11710929.0,2080048718.464,US.NVDA,NVIDIA
2025-09-11 13:00:00,177.2,177.52,176.48,176.8899,13318209.0,2358454874.297,US.NVDA,NVIDIA
2025-09-11 14:00:00,176.8854,177.74,176.83,177.4474,14111265.0,2503823798.456,US.NVDA,NVIDIA
2025-09-11 15:00:00,177.445,177.62,176.9,177.26,13048128.0,2311958024.822,US.NVDA,NVIDIA
2025-09-11 16:00:00,177.255,177.95,177.06,177.17,16245958.0,2878721394.423,US.NVDA,NVIDIA
2025-09-12 09:00:00,177.77,178.44,176.45,177.4799,16396366.0,2909061808.76,US.NVDA,NVIDIA
2025-09-12 10:00:00,177.475,178.47,177.055,178.445,21216129.0,3772873254.946,US.NVDA,NVIDIA
2025-09-12 11:00:00,178.455,178.595,177.325,177.8422,18781497.0,3341425005.953,US.NVDA,NVIDIA
2025-09-12 12:00:00,177.8469,178.2184,177.46,177.84,12310685.0,2189552272.92,US.NVDA,NVIDIA
2025-09-12 13:00:00,177.8364,178.015,177.5,177.94,8363128.0,1486675041.854,US.NVDA,NVIDIA
2025-09-12 14:00:00,177.94,177.95,177.4,177.9,9531578.0,1693265665.14,US.NVDA,NVIDIA
2025-09-12 15:00:00,177.9,177.94,177.4,177.835,13710998.0,2435726924.334,US.NVDA,NVIDIA
2025-09-12 16:00:00,177.83,178.0,177.735,177.82,14847879.0,2640389557.391,US.NVDA,NVIDIA
2025-09-15 09:00:00,175.67,176.58,174.51,176.1715,19820790.0,3480110629.909,US.NVDA,NVIDIA
2025-09-15 10:00:00,176.185,176.24,174.58,175.075,24424802.0,4282037399.9700003,US.NVDA,NVIDIA
2025-09-15 11:00:00,175.0751,178.09,175.033,178.08,23316905.0,4117390073.028,US.NVDA,NVIDIA
2025-09-15 12:00:00,178.08,178.28,177.06,177.696149,16128247.0,2865392758.073,US.NVDA,NVIDIA
2025-09-15 13:00:00,177.6949,177.76,177.145,177.61,10622584.0,1885271476.617,US.NVDA,NVIDIA
2025-09-15 14:00:00,177.6183,177.885,177.035,177.2357,10603453.0,1882644126.696,US.NVDA,NVIDIA
2025-09-15 15:00:00,177.2325,177.46,176.915,177.38,16903374.0,2993792711.113,US.NVDA,NVIDIA
2025-09-15 16:00:00,177.38,178.85,177.17,177.75,11516791.0,2046225026.895,US.NVDA,NVIDIA
2025-09-16 09:00:00,177.0,177.5,175.81,176.04,17624935.0,3111690739.2469997,US.NVDA,NVIDIA
2025-09-16 10:00:00,176.04,176.85,175.71,176.5754,19202723.0,3386967650.613,US.NVDA,NVIDIA
2025-09-16 11:00:00,176.575,176.6,175.52,175.785,16672317.0,2935042457.917,US.NVDA,NVIDIA
2025-09-16 12:00:00,175.781,175.82,174.81,175.055,15429590.0,2702461643.427,US.NVDA,NVIDIA
2025-09-16 13:00:00,175.055,175.4,174.77,174.96918,13156433.0,2303961709.781,US.NVDA,NVIDIA
2025-09-16 14:00:00,174.965,175.13,174.65,174.7535,12466196.0,2179894478.264,US.NVDA,NVIDIA
2025-09-16 15:00:00,174.755,175.22,174.38,174.78,19381178.0,3388399389.651,US.NVDA,NVIDIA
2025-09-16 16:00:00,174.775,175.2,174.65,174.88,16567787.0,2897776948.798,US.NVDA,NVIDIA
2025-09-17 09:00:00,172.64,173.2,170.1,171.175,28767695.0,4929960441.621,US.NVDA,NVIDIA
2025-09-17 10:00:00,171.18,171.57,169.67,170.0443,32599016.0,5555323351.24,US.NVDA,NVIDIA
2025-09-17 11:00:00,170.045,170.78,169.42,169.4623,21386701.0,3639366103.65,US.NVDA,NVIDIA
2025-09-17 12:00:00,169.465,169.97,169.27,169.7801,17643324.0,2992148061.207,US.NVDA,NVIDIA
2025-09-17 13:00:00,169.785,171.16,169.7,170.845,15951270.0,2717922147.021,US.NVDA,NVIDIA
2025-09-17 14:00:00,170.85,171.6,168.41,168.625,34547187.0,5864148741.116,US.NVDA,NVIDIA
2025-09-17 15:00:00,168.6218,171.4,168.612,170.32,29171011.0,4972145875.926,US.NVDA,NVIDIA
2025-09-17 16:00:00,170.31,170.655,169.12,170.29,17457502.0,2972861052.76,US.NVDA,NVIDIA
2025-09-18 09:00:00,173.98,175.38,172.96,173.28,27478043.0,4784871802.8810005,US.NVDA,NVIDIA
2025-09-18 10:00:00,173.285,176.24,173.23,175.5449,35512737.0,6215624417.076,US.NVDA,NVIDIA
2025-09-18 11:00:00,175.545,176.57,175.255,175.7262,23232174.0,4088153007.332,US.NVDA,NVIDIA
2025-09-18 12:00:00,175.73,176.63,175.66,176.525,13996018.0,2466538685.2530003,US.NVDA,NVIDIA
2025-09-18 13:00:00,176.525,176.93,176.1,176.465,14869264.0,2625113682.925,US.NVDA,NVIDIA
2025-09-18 14:00:00,176.465,177.09,176.0,177.015,15912594.0,2809115624.355,US.NVDA,NVIDIA
2025-09-18 15:00:00,177.01,177.1,176.29,176.6385,21976521.0,3883453189.356,US.NVDA,NVIDIA
2025-09-18 16:00:00,176.6313,176.65,174.21,176.24,19336013.0,3408174590.332,US.NVDA,NVIDIA
2025-09-19 09:00:00,175.77,177.02,175.18,176.585,33818452.0,5959566425.762,US.NVDA,NVIDIA
2025-09-19 10:00:00,176.585,178.08,176.26,177.415,27121361.0,4811068806.063,US.NVDA,NVIDIA
2025-09-19 11:00:00,177.41,177.46,175.8,176.4135,19991182.0,3528108965.454,US.NVDA,NVIDIA
2025-09-19 12:00:00,176.42,176.5799,175.715,175.905,12801310.0,2253973107.633,US.NVDA,NVIDIA
2025-09-19 13:00:00,175.9099,176.225,175.56,175.9656,12994433.0,2285168764.955,US.NVDA,NVIDIA
2025-09-19 14:00:00,175.965,176.04,175.55,176.0281,12789697.0,2248548980.086,US.NVDA,NVIDIA
2025-09-19 15:00:00,176.025,176.48,175.55,176.32,20212491.0,3560392557.442,US.NVDA,NVIDIA
2025-09-19 16:00:00,176.33,178.0,176.27,176.67,64343801.0,11367438273.459,US.NVDA,NVIDIA
2025-09-22 09:00:00,175.3,176.07,174.7053,175.8099,15971488.0,2802357976.846,US.NVDA,NVIDIA
2025-09-22 10:00:00,175.81,176.08,174.98,175.765,20892909.0,3665944413.632,US.NVDA,NVIDIA
2025-09-22 11:00:00,175.761,175.99,175.275,175.5179,12813077.0,2250466921.598,US.NVDA,NVIDIA
2025-09-22 12:00:00,175.52,184.21,175.41,184.155,93856598.0,16996197265.765999,US.NVDA,NVIDIA
2025-09-22 13:00:00,184.155,184.55,182.335,183.475,38124311.0,6991059668.308,US.NVDA,NVIDIA
2025-09-22 14:00:00,183.4701,183.53,182.51,182.9832,21415065.0,3917489341.505,US.NVDA,NVIDIA
2025-09-22 15:00:00,182.985,183.9574,182.64,182.97,31838498.0,5835191471.57,US.NVDA,NVIDIA
2025-09-22 16:00:00,182.96,183.72,182.93,183.61,22970181.0,4216980826.589,US.NVDA,NVIDIA
2025-09-23 09:00:00,181.97,182.42,179.62,180.15,29994278.0,5421189907.094,US.NVDA,NVIDIA
2025-09-23 10:00:00,180.145,180.8199,179.145,180.025,35641818.0,6416131317.139,US.NVDA,NVIDIA
2025-09-23 11:00:00,180.025,180.55,179.67,180.11,16179657.0,2914562248.105,US.NVDA,NVIDIA
2025-09-23 12:00:00,180.105,180.1456,179.17,179.22,16449491.0,2954554739.898,US.NVDA,NVIDIA
2025-09-23 13:00:00,179.22,179.36,177.3,178.035,25435173.0,4539375118.113,US.NVDA,NVIDIA
2025-09-23 14:00:00,178.05,178.3874,177.445,178.07,14795038.0,2632643543.645,US.NVDA,NVIDIA
2025-09-23 15:00:00,178.075,178.92,177.92,178.76,18596464.0,3318342614.777,US.NVDA,NVIDIA
2025-09-23 16:00:00,178.789,178.795,176.21,178.43,19154560.0,3418071850.703,US.NVDA,NVIDIA
2025-09-24 09:00:00,179.77,179.78,177.6,177.765,17821613.0,3187107887.551,US.NVDA,NVIDIA
2025-09-24 10:00:00,177.7625,179.11,177.7625,178.215,21078705.0,3762704025.753,US.NVDA,NVIDIA
2025-09-24 11:00:00,178.21,178.51,176.645,176.925,18328462.0,3258220758.8450003,US.NVDA,NVIDIA
2025-09-24 12:00:00,176.93,176.97,175.4,176.26,23466212.0,4133115499.3450003,US.NVDA,NVIDIA
2025-09-24 13:00:00,176.26,177.34,176.12,176.93,13193319.0,2333717291.35,US.NVDA,NVIDIA
2025-09-24 14:00:00,176.925,177.34,176.4801,177.1801,11682180.0,2066039225.078,US.NVDA,NVIDIA
2025-09-24 15:00:00,177.175,177.34,176.705,177.035,12806411.0,2267184998.18,US.NVDA,NVIDIA
2025-09-24 16:00:00,177.04,177.06,176.73,176.97,14659176.0,2593994789.339,US.NVDA,NVIDIA
2025-09-25 09:00:00,174.48,175.6,173.125,174.615,22905889.0,3993623590.999,US.NVDA,NVIDIA
2025-09-25 10:00:00,174.615,178.32,174.43,177.645,33057749.0,5848239976.68,US.NVDA,NVIDIA
2025-09-25 11:00:00,177.645,179.89,177.23,179.8399,24853900.0,4437830745.951,US.NVDA,NVIDIA
2025-09-25 12:00:00,179.83,180.26,178.51,178.65,24910291.0,4472212535.038,US.NVDA,NVIDIA
2025-09-25 13:00:00,178.66,178.75,176.68,176.98,20913679.0,3717450325.646,US.NVDA,NVIDIA
2025-09-25 14:00:00,176.97,177.75,175.5483,177.49,22632707.0,3998701084.961,US.NVDA,NVIDIA
2025-09-25 15:00:00,177.49,178.0,176.77,177.7599,16948504.0,3003115058.398,US.NVDA,NVIDIA
2025-09-25 16:00:00,177.76,178.85,177.36,177.69,13437699.0,2387273656.277,US.NVDA,NVIDIA
2025-09-26 09:00:00,178.17,178.64,176.65,176.71,17033537.0,3024532371.027,US.NVDA,NVIDIA
2025-09-26 10:00:00,176.705,177.48,174.93,176.2651,31374502.0,5528324972.690001,US.NVDA,NVIDIA
2025-09-26 11:00:00,176.25,176.8,175.7,176.245,19953059.0,3517375909.847,US.NVDA,NVIDIA
2025-09-26 12:00:00,176.25,177.45,175.78,177.42,14741227.0,2602147857.496,US.NVDA,NVIDIA
2025-09-26 13:00:00,177.4162,177.57,176.945,177.075,13230383.0,2345407383.004,US.NVDA,NVIDIA
2025-09-26 14:00:00,177.08,177.92,176.9705,177.525,12220698.0,2169528148.735,US.NVDA,NVIDIA
