time_key,open,high,low,close,volume
2026-08-28 05:50:00,719.16,719.19,719.16,719.19,237.0
2026-08-28 05:55:00,719.19,719.56,719.19,719.34,2786.0
2026-08-28 06:00:00,719.34,719.41,719.23,719.23,958.0
2026-08-28 06:05:00,719.23,719.23,719.0,719.09,1162.0
2026-08-28 06:10:00,719.09,719.23,718.96,719.08,1910.0
2026-08-28 06:15:00,719.08,719.28,718.94,719.0,2429.0
2026-08-28 06:20:00,719.0,719.28,719.0,719.25,762.0
2026-08-28 06:25:00,719.25,719.3218,719.0852,719.3218,639.0
2026-08-28 06:30:00,719.32,719.34,719.32,719.34,268.0
2026-08-28 06:35:00,719.34,719.585,719.34,719.52,3337.0
2026-08-28 06:40:00,719.52,719.52,719.23,719.51,2046.0
2026-08-28 06:45:00,719.51,719.51,719.12,719.22,5399.0
2026-08-28 06:50:00,719.22,719.29,719.065,719.12,3694.0
2026-08-28 06:55:00,719.12,719.18,719.08,719.17,1307.0
2026-08-28 07:00:00,719.17,719.59,719.17,719.56,2173.0
2026-08-28 07:05:00,719.56,719.865,719.2,719.735,35967.0
2026-08-28 07:10:00,719.735,719.735,719.1,719.15,19394.0
2026-08-28 07:15:00,719.15,719.3,719.05,719.28,37681.0
2026-08-28 07:20:00,719.28,719.69,719.28,719.58,14156.0
2026-08-28 07:25:00,719.58,719.89,719.58,719.825,4969.0
2026-08-28 07:30:00,719.825,719.96,719.78,719.8514,2419.0
2026-08-28 07:35:00,719.8514,720.0,719.59,719.6,4375.0
2026-08-28 07:40:00,719.6,719.6,719.41,719.46,5020.0
2026-08-28 07:45:00,719.46,719.54,719.31,719.32,2225.0
2026-08-28 07:50:00,719.32,719.41,719.24,719.38,5035.0
2026-08-28 07:55:00,719.38,719.39,719.1756,719.39,7368.0
2026-08-28 08:00:00,719.33,719.33,719.035,719.1707,9667.0
2026-08-28 08:05:00,719.1707,719.4101,719.04,719.371,9627.0
2026-08-28 08:10:00,719.371,719.74,719.371,719.73,9749.0
2026-08-28 08:15:00,719.73,719.8,719.51,719.77,12089.0
2026-08-28 08:20:00,719.77,720.1,719.77,720.0396,31479.0
2026-08-28 08:25:00,720.0396,720.49,720.007,720.4179,11026.0
2026-08-28 08:30:00,720.4179,720.52,720.28,720.52,16867.0
2026-08-28 08:35:00,720.52,720.52,719.84,719.84,8375.0
2026-08-28 08:40:00,719.84,719.95,719.42,719.83,11827.0
2026-08-28 08:45:00,719.83,720.49,719.81,720.47,13541.0
2026-08-28 08:50:00,720.47,720.55,720.25,720.5,8327.0
2026-08-28 08:55:00,720.5,720.58,720.41,720.5,8098.0
2026-08-28 09:00:00,720.5,720.57,720.33,720.47,7130.0
2026-08-28 09:05:00,720.47,721.0,720.28,720.73,13465.0
2026-08-28 09:10:00,720.73,720.73,720.33,720.4207,17893.0
2026-08-28 09:15:00,720.4207,720.58,720.39,720.45,5668.0
2026-08-28 09:20:00,720.45,720.55,720.32,720.362,42394.0
2026-08-28 09:25:00,720.362,720.43,720.1346,720.2,24782.0
2026-08-28 09:30:00,720.2,720.2,719.6,719.78,94567.0
2026-08-28 09:35:00,719.74,719.99,718.1762,719.2,824798.0
2026-08-28 09:40:00,719.22,720.54,718.78,720.32,413133.0
2026-08-28 09:45:00,720.3,721.52,720.29,721.1863,329794.0
2026-08-28 09:50:00,721.18,721.5499,720.33,720.51,468607.0
2026-08-28 09:55:00,720.5451,720.75,719.71,719.91,493920.0
2026-08-28 10:00:00,719.94,720.74,719.7101,719.91,775729.0
2026-08-28 10:05:00,719.93,721.63,719.04,719.82,534172.0
2026-08-28 10:10:00,719.805,719.83,718.11,718.6599,531081.0
2026-08-28 10:15:00,718.66,719.1,716.78,717.55,862637.0
2026-08-28 10:20:00,717.5699,719.76,717.43,719.1866,513003.0
2026-08-28 10:25:00,719.21,720.9,719.1702,720.125,1241434.0
2026-08-28 10:30:00,720.14,720.36,719.19,720.3,479338.0
2026-08-28 10:35:00,720.35,721.17,719.83,721.08,589382.0
2026-08-28 10:40:00,721.1,721.79,720.78,720.98,545975.0
2026-08-28 10:45:00,720.99,722.505,720.87,722.2901,457593.0
2026-08-28 10:50:00,722.32,722.785,722.07,722.67,454999.0
2026-08-28 10:55:00,722.66,723.36,722.54,723.1406,508123.0
2026-08-28 11:00:00,723.14,723.83,723.09,723.8,391705.0
2026-08-28 11:05:00,723.77,724.125,723.35,723.8,552817.0
2026-08-28 11:10:00,723.79,723.94,722.76,722.94,348242.0
2026-08-28 11:15:00,722.94,723.165,722.28,722.6105,221505.0
2026-08-28 11:20:00,722.61,723.27,722.56,722.61,209541.0
2026-08-28 11:25:00,722.625,723.22,722.39,723.11,321437.0
2026-08-28 11:30:00,723.09,723.65,723.02,723.46,190883.0
2026-08-28 11:35:00,723.455,723.49,722.97,722.97,145941.0
2026-08-28 11:40:00,723.0,723.105,721.86,721.93,193228.0
2026-08-28 11:45:00,721.96,721.97,720.57,720.78,815854.0
2026-08-28 11:50:00,720.74,721.015,719.72,719.85,440657.0
2026-08-28 11:55:00,719.84,720.18,718.7,719.49,544335.0
2026-08-28 12:00:00,719.5,719.52,717.7,717.87,594038.0
2026-08-28 12:05:00,717.93,718.19,716.84,717.37,760324.0
2026-08-28 12:10:00,717.39,718.82,717.295,718.68,384080.0
2026-08-28 12:15:00,718.67,718.8,717.94,718.0,212144.0
2026-08-28 12:20:00,718.02,718.3,716.42,716.85,508882.0
2026-08-28 12:25:00,716.8,717.15,715.69,716.27,459993.0
2026-08-28 12:30:00,716.225,716.68,716.0,716.31,266906.0
2026-08-28 12:35:00,716.32,717.23,716.029944,716.03,276641.0
2026-08-28 12:40:00,716.01,717.305,716.01,716.895,206391.0
2026-08-28 12:45:00,716.88,716.92,715.97,716.195,212487.0
2026-08-28 12:50:00,716.18,717.68,716.17,717.5,203967.0
2026-08-28 12:55:00,717.46,717.79,716.78,716.88,276245.0
2026-08-28 13:00:00,716.8799,717.1665,716.61,716.65,125576.0
2026-08-28 13:05:00,716.65,716.6666,715.28,715.85,519000.0
2026-08-28 13:10:00,715.84,715.84,715.085,715.4001,259635.0
2026-08-28 13:15:00,715.4,716.2395,715.1437,716.23,209487.0
2026-08-28 13:20:00,716.22,716.35,715.75,716.08,171178.0
2026-08-28 13:25:00,716.06,716.27,715.45,715.97,155656.0
2026-08-28 13:30:00,716.02,716.47,715.69,715.89,152320.0
2026-08-28 13:35:00,715.84,716.68,715.75,716.509,149701.0
2026-08-28 13:40:00,716.52,716.72,715.67,715.74,196920.0
2026-08-28 13:45:00,715.73,716.3799,715.7,716.21,164702.0
2026-08-28 13:50:00,716.19,717.28,716.075,717.17,211838.0
2026-08-28 13:55:00,717.19,717.29,716.88,717.0,160844.0
2026-08-28 14:00:00,717.0,717.04,716.42,716.986,205395.0
2026-08-28 14:05:00,717.0,717.11,716.48,716.6514,108134.0
2026-08-28 14:10:00,716.63,717.0,716.48,716.716,117193.0
2026-08-28 14:15:00,716.73,717.03,716.32,716.33,108648.0
2026-08-28 14:20:00,716.33,716.705,716.2,716.44,97118.0
2026-08-28 14:25:00,716.45,716.7,715.9,716.15,83666.0
2026-08-28 14:30:00,716.15,716.49,715.94,716.205,204723.0
2026-08-28 14:35:00,716.205,716.67,716.1249,716.53,158811.0
2026-08-28 14:40:00,716.5105,716.75,716.13,716.135,199329.0
2026-08-28 14:45:00,716.1,716.55,716.01,716.39,114072.0
2026-08-28 14:50:00,716.3794,716.42,715.7,715.75,246444.0
2026-08-28 14:55:00,715.75,715.75,715.14,715.47,296095.0
2026-08-28 15:00:00,715.45,715.68,715.2,715.51,204088.0
2026-08-28 15:05:00,715.515,715.89,715.24,715.7,282890.0
2026-08-28 15:10:00,715.67,716.365,715.51,716.36,401821.0
2026-08-28 15:15:00,716.355,716.38,715.756,716.08,568361.0
2026-08-28 15:20:00,716.09,716.18,715.72,716.075,342248.0
2026-08-28 15:25:00,716.08,716.5,716.02,716.22,307946.0
2026-08-28 15:30:00,716.23,716.63,716.18,716.53,189477.0
2026-08-28 15:35:00,716.535,716.655,716.22,716.52,326665.0
2026-08-28 15:40:00,716.51,716.6,716.17,716.59,329740.0
2026-08-28 15:45:00,716.59,716.88,716.58,716.6401,348022.0
2026-08-28 15:50:00,716.64,716.72,715.935,716.37,339295.0
2026-08-28 15:55:00,716.38,717.08,716.15,716.36,920072.0
2026-08-28 16:00:00,716.36,716.9,716.07,716.43,3550164.0
2026-08-28 16:05:00,716.47,716.73,716.29,716.4,333780.0
2026-08-28 16:10:00,716.4,716.4,716.03,716.11,216607.0
2026-08-28 16:15:00,716.11,716.31,716.1,716.2562,1074598.0
2026-08-28 16:20:00,716.2562,716.37,716.23,716.3,2929.0
2026-08-28 16:25:00,716.3,716.36,716.3,716.35,9090.0
2026-08-28 16:30:00,716.32,716.43,716.23,716.37,30173.0
2026-08-28 16:35:00,716.37,716.39,716.241,716.29,5777.0
2026-08-28 16:40:00,716.29,716.7,716.29,716.42,43286.0
2026-08-28 16:45:00,716.42,716.78,716.38,716.75,69720.0
2026-08-28 16:50:00,716.75,717.02,716.75,716.92,26300.0
2026-08-28 16:55:00,716.94,717.0,716.8,717.0,62133.0
2026-08-28 17:00:00,717.0,717.0,716.84,716.94,68266.0
2026-08-28 17:05:00,716.94,716.958,716.86,716.91,3195.0
2026-08-28 17:10:00,716.91,716.93,716.89,716.9,103808.0
2026-08-28 17:15:00,716.9,716.9,716.71,716.71,4975.0
2026-08-28 17:20:00,716.71,716.71,716.53,716.53,3569.0
2026-08-28 17:25:00,716.53,716.5396,716.53,716.53,661.0
2026-08-28 17:30:00,716.53,716.54,716.44,716.44,5936.0
2026-08-28 17:35:00,716.44,716.44,716.22,716.22,10055.0
2026-08-28 17:40:00,716.22,716.22,716.2115,716.22,5788.0
2026-08-28 17:45:00,716.22,716.25,716.16,716.2,8017.0
2026-08-28 17:50:00,716.2,716.4799,716.16,716.4799,1925.0
2026-08-28 17:55:00,716.4799,716.4799,716.42,716.42,409.0
2026-08-28 18:00:00,716.42,716.42,716.37,716.41,630.0
2026-08-28 18:05:00,716.41,716.48,716.23,716.32,1595.0
2026-08-28 18:10:00,716.32,716.4,716.18,716.4,698.0
2026-08-28 18:15:00,716.29,716.38,716.29,716.38,739.0
2026-08-28 18:20:00,716.38,716.38,716.13,716.13,6820.0
2026-08-28 18:25:00,716.13,716.18,716.06,716.1,5283.0
2026-08-28 18:30:00,716.1,716.25,716.1,716.2,1460.0
2026-08-28 18:35:00,716.2,716.25,716.12,716.25,2678.0
2026-08-28 18:40:00,716.25,716.25,716.25,716.25,169.0
2026-08-28 18:45:00,716.25,716.25,716.198,716.25,1904.0
2026-08-28 18:50:00,716.25,716.3,716.25,716.3,254.0
2026-08-28 18:55:00,716.3,716.3,716.2,716.25,3120.0
2026-08-28 19:00:00,716.25,716.3,716.23,716.28,2053.0
2026-08-28 19:05:00,716.28,716.28,716.1,716.13,3183.0
2026-08-28 19:10:00,716.13,716.2,716.13,716.2,191.0
2026-08-28 19:15:00,716.2,716.2,716.1,716.1501,1217.0
2026-08-28 19:20:00,716.1501,716.1501,716.09,716.09,3147.0
2026-08-28 19:25:00,716.09,716.25,716.09,716.25,5713.0
2026-08-28 19:30:00,716.25,716.25,716.2,716.23,287.0
2026-08-28 19:35:00,716.22,716.23,716.22,716.22,1489.0
2026-08-28 19:40:00,716.22,716.2454,716.22,716.23,744.0
2026-08-28 19:45:00,716.23,716.3,716.23,716.3,3043.0
2026-08-28 19:50:00,716.3,716.43,716.22,716.4001,7099.0
2026-08-28 19:55:00,716.4001,716.4001,716.25,716.2957,2909.0
2026-08-28 20:00:00,716.2957,716.39,716.16,716.2454,8771.0
2026-08-31 04:05:00,716.43,717.51,716.12,716.65,162846.0
2026-08-31 04:10:00,716.65,717.44,716.405,717.41,13950.0
2026-08-31 04:15:00,717.43,717.475,716.76,716.83,11737.0
2026-08-31 04:20:00,716.83,716.87,716.67,716.67,3917.0
2026-08-31 04:25:00,716.67,716.79,716.3856,716.51,4034.0
2026-08-31 04:30:00,716.51,716.78,716.51,716.67,2261.0
2026-08-31 04:35:00,716.67,716.7,716.5,716.54,3774.0
2026-08-31 04:40:00,716.54,716.63,716.4,716.4,6784.0
2026-08-31 04:45:00,716.45,716.45,716.09,716.24,5955.0
2026-08-31 04:50:00,716.24,716.437,716.24,716.437,4904.0
2026-08-31 04:55:00,716.437,716.56,716.3652,716.3652,1976.0
2026-08-31 05:00:00,716.34,716.47,716.17,716.24,2738.0
2026-08-31 05:05:00,716.24,716.32,715.985,716.04,3786.0
2026-08-31 05:10:00,716.04,716.45,715.98,716.45,3366.0
2026-08-31 05:15:00,716.44,716.66,716.41,716.42,6293.0
2026-08-31 05:20:00,716.42,716.86,716.42,716.77,1648.0
2026-08-31 05:25:00,716.77,716.77,716.495,716.495,874.0
2026-08-31 05:30:00,716.495,716.57,716.47,716.47,797.0
2026-08-31 05:35:00,716.47,716.49,716.24,716.27,2258.0
2026-08-31 05:40:00,716.27,716.27,716.02,716.02,930.0
2026-08-31 05:45:00,716.02,716.02,715.8804,715.95,3132.0
2026-08-31 05:50:00,715.95,715.95,715.418,715.44,3295.0
2026-08-31 05:55:00,715.44,715.56,715.4,715.53,3983.0
2026-08-31 06:00:00,715.53,715.53,715.375,715.45,2246.0
2026-08-31 06:05:00,715.45,715.5,715.24,715.44,8316.0
2026-08-31 06:10:00,715.44,715.66,715.44,715.5,2265.0
2026-08-31 06:15:00,715.5,715.65,715.45,715.65,65972.0
2026-08-31 06:20:00,715.52,715.58,715.39,715.39,3076.0
2026-08-31 06:25:00,715.39,715.84,715.39,715.75,3393.0
2026-08-31 06:30:00,715.71,715.83,715.5,715.83,1603.0
2026-08-31 06:35:00,715.83,715.83,715.48,715.5,2956.0
2026-08-31 06:40:00,715.5,715.65,715.5,715.62,1205.0
2026-08-31 06:45:00,715.62,715.66,715.54,715.56,2475.0
2026-08-31 06:50:00,715.56,715.58,715.53,715.57,575.0
2026-08-31 06:55:00,715.57,715.955,715.5087,715.78,4458.0
2026-08-31 07:00:00,715.69,715.78,715.66,715.66,1575.0
2026-08-31 07:05:00,715.66,715.71,715.25,715.33,24567.0
2026-08-31 07:10:00,715.33,715.65,715.12,715.5812,6447.0
2026-08-31 07:15:00,715.5812,715.64,715.16,715.25,8070.0
2026-08-31 07:20:00,715.25,715.61,715.09,715.6,7212.0
2026-08-31 07:25:00,715.59,715.69,715.42,715.66,7148.0
2026-08-31 07:30:00,715.66,715.94,715.61,715.91,5291.0
2026-08-31 07:35:00,715.91,715.91,715.27,715.28,9623.0
2026-08-31 07:40:00,715.28,715.28,715.04,715.1092,3833.0
2026-08-31 07:45:00,715.1092,715.6,715.07,715.1,9689.0
2026-08-31 07:50:00,715.1,715.22,714.86,714.96,3408.0
2026-08-31 07:55:00,714.96,715.12,714.92,714.95,5084.0
2026-08-31 08:00:00,714.95,715.06,714.88,714.92,3637.0
2026-08-31 08:05:00,714.92,715.35,714.92,715.26,6645.0
2026-08-31 08:10:00,715.26,715.88,714.23,715.3645,103027.0
2026-08-31 08:15:00,715.3645,715.46,715.13,715.36,6694.0
2026-08-31 08:20:00,715.36,715.99,715.36,715.98,10370.0
2026-08-31 08:25:00,715.98,716.23,715.1914,715.1914,10762.0
2026-08-31 08:30:00,715.1914,715.2472,714.02,714.79,83442.0
2026-08-31 08:35:00,714.73,714.81,714.3,714.71,19864.0
2026-08-31 08:40:00,714.71,715.17,714.32,714.33,51995.0
2026-08-31 08:45:00,714.37,714.37,714.0,714.2491,19241.0
2026-08-31 08:50:00,714.2491,714.37,714.03,714.15,9330.0
2026-08-31 08:55:00,714.15,714.28,713.7984,713.7984,22428.0
2026-08-31 09:00:00,713.8294,714.01,713.7,713.9882,20708.0
2026-08-31 09:05:00,713.9882,714.15,713.7,713.96,25180.0
2026-08-31 09:10:00,713.93,714.11,713.87,714.0201,10704.0
2026-08-31 09:15:00,714.0201,714.44,714.02,714.43,23383.0
2026-08-31 09:20:00,714.43,714.79,714.42,714.63,36223.0
2026-08-31 09:25:00,714.63,714.78,714.56,714.56,38413.0
2026-08-31 09:30:00,714.62,715.23,714.49,714.86,78538.0
2026-08-31 09:35:00,715.17,717.001,714.63,715.7999,815983.0
2026-08-31 09:40:00,715.76,715.76,714.01,714.2201,580595.0
2026-08-31 09:45:00,714.22,715.235,714.07,714.425,404830.0
2026-08-31 09:50:00,714.43,716.0,713.97,715.185,606301.0
2026-08-31 09:55:00,715.17,715.9,714.56,715.84,298002.0
2026-08-31 10:00:00,715.8,716.1284,715.03,715.23,267300.0
2026-08-31 10:05:00,715.2,715.42,714.185,714.33,293514.0
2026-08-31 10:10:00,714.29,714.82,713.69,713.72,241418.0
2026-08-31 10:15:00,713.71,714.34,713.53,714.09,316158.0
2026-08-31 10:20:00,714.07,714.96,713.794,714.663,314670.0
2026-08-31 10:25:00,714.68,714.84,713.39,713.42,445093.0
2026-08-31 10:30:00,713.4,713.87,713.16,713.62,215023.0
2026-08-31 10:35:00,713.58,713.93,713.37,713.69,164981.0
2026-08-31 10:40:00,713.68,714.93,713.55,714.44,226505.0
2026-08-31 10:45:00,714.394,715.08,714.3,714.85,202940.0
2026-08-31 10:50:00,714.85,714.885,713.8601,713.9881,238687.0
2026-08-31 10:55:00,713.98,714.545,713.89,714.5199,127633.0
2026-08-31 11:00:00,714.505,715.27,714.42,714.6,181801.0
2026-08-31 11:05:00,714.61,715.28,714.14,714.5,155610.0
2026-08-31 11:10:00,714.48,715.1,714.34,714.4729,112935.0
2026-08-31 11:15:00,714.46,714.97,714.35,714.635,102477.0
2026-08-31 11:20:00,714.638,714.89,714.19,714.69,103756.0
2026-08-31 11:25:00,714.71,715.21,714.4308,715.1297,123355.0
2026-08-31 11:30:00,715.13,715.31,714.63,714.73,209493.0
2026-08-31 11:35:00,714.7,714.8,713.9,714.14,3560983.0
2026-08-31 11:40:00,714.16,714.34,713.88,714.165,116378.0
2026-08-31 11:45:00,714.2,714.47,713.85,714.4538,111041.0
2026-08-31 11:50:00,714.45,714.67,714.14,714.51,275604.0
2026-08-31 11:55:00,714.51,715.0,714.51,714.67,405753.0
2026-08-31 12:00:00,714.66,714.77,713.88,713.955,176756.0
2026-08-31 12:05:00,713.97,713.97,713.4,713.5,178092.0
2026-08-31 12:10:00,713.45,713.69,713.36,713.58,145726.0
2026-08-31 12:15:00,713.575,714.52,713.505,714.38,257663.0
2026-08-31 12:20:00,714.4,714.47,713.82,714.21,1203411.0
2026-08-31 12:25:00,714.23,714.3999,713.995,714.25,253090.0
2026-08-31 12:30:00,714.234,714.86,714.234,714.84,1162027.0
2026-08-31 12:35:00,714.85,714.865,714.45,714.64,264379.0
2026-08-31 12:40:00,714.64,714.858,714.1204,714.135,107290.0
2026-08-31 12:45:00,714.16,714.975,714.125,714.57,122473.0
2026-08-31 12:50:00,714.555,715.04,714.4519,714.86,90465.0
2026-08-31 12:55:00,714.87,715.17,714.775,714.99,145082.0
2026-08-31 13:00:00,715.0,715.28,714.9819,715.21,124782.0
2026-08-31 13:05:00,715.2,715.2,714.8,714.89,837100.0
2026-08-31 13:10:00,714.96,715.16,714.67,714.7144,55816.0
2026-08-31 13:15:00,714.715,714.895,714.63,714.83,134178.0
2026-08-31 13:20:00,714.83,715.07,714.53,714.76,126871.0
2026-08-31 13:25:00,714.715,714.85,714.58,714.68,72648.0
2026-08-31 13:30:00,714.67,714.7,714.12,714.21,122476.0
2026-08-31 13:35:00,714.2,714.36,713.99,713.9901,211292.0
2026-08-31 13:40:00,713.99,714.665,713.99,714.665,225192.0
2026-08-31 13:45:00,714.66,715.2,714.62,715.2,514438.0
2026-08-31 13:50:00,715.205,715.31,715.01,715.13,116357.0
2026-08-31 13:55:00,715.12,715.62,715.11,715.5333,158200.0
2026-08-31 14:00:00,715.53,715.6,715.03,715.235,97902.0
2026-08-31 14:05:00,715.15,715.5401,714.782,715.505,141274.0
2026-08-31 14:10:00,715.5,715.66,715.31,715.595,121873.0
2026-08-31 14:15:00,715.6,715.61,715.29,715.4,157689.0
2026-08-31 14:20:00,715.39,715.66,715.355,715.53,433363.0
2026-08-31 14:25:00,715.57,715.75,715.337,715.55,84905.0
2026-08-31 14:30:00,715.55,715.56,715.15,715.175,164571.0
2026-08-31 14:35:00,715.17,715.2773,714.76,714.7822,86819.0
2026-08-31 14:40:00,714.81,714.94,714.08,714.21,225544.0
2026-08-31 14:45:00,714.1769,714.34,713.82,714.23,162729.0
2026-08-31 14:50:00,714.24,714.39,714.0101,714.35,640426.0
2026-08-31 14:55:00,714.355,714.59,714.1551,714.475,102513.0
2026-08-31 15:00:00,714.46,714.74,714.27,714.35,117029.0
2026-08-31 15:05:00,714.357,714.835,714.34,714.53,147224.0
2026-08-31 15:10:00,714.51,714.8,714.31,714.75,85970.0
2026-08-31 15:15:00,714.73,714.925,714.58,714.85,330023.0
2026-08-31 15:20:00,714.85,714.9,714.645,714.76,193463.0
2026-08-31 15:25:00,714.745,715.23,714.69,715.05,211789.0
2026-08-31 15:30:00,715.025,715.52,714.91,715.38,132234.0
2026-08-31 15:35:00,715.39,715.406504,714.96,715.28,122532.0
2026-08-31 15:40:00,715.28,715.58,715.19,715.44,1000177.0
2026-08-31 15:45:00,715.47,716.2,715.35,716.0601,540801.0
2026-08-31 15:50:00,716.06,716.26,715.62,715.9901,551983.0
2026-08-31 15:55:00,716.0,717.46,716.0,717.22,1912600.0
2026-08-31 16:00:00,717.2,717.58,716.54,716.76,1931636.0
2026-08-31 16:05:00,716.85,717.26,716.76,717.04,621438.0
2026-08-31 16:10:00,717.05,717.27,717.0,717.1,139777.0
2026-08-31 16:15:00,717.1,717.2156,716.82,716.9,1884484.0
2026-08-31 16:20:00,716.9,717.0,716.76,716.93,58769.0
2026-08-31 16:25:00,716.93,716.93,716.82,716.88,57869.0
2026-08-31 16:30:00,716.88,717.01,716.86,716.98,11632.0
2026-08-31 16:35:00,716.98,716.99,716.9,716.99,125781.0
2026-08-31 16:40:00,716.98,717.05,716.95,717.02,38598.0
2026-08-31 16:45:00,717.02,717.1,717.02,717.0285,120851.0
2026-08-31 16:50:00,717.0285,717.03,716.81,716.86,15105.0
2026-08-31 16:55:00,716.86,717.04,716.85,717.04,21474.0
2026-08-31 17:00:00,717.04,717.1,716.97,717.09,39904.0
2026-08-31 17:05:00,717.09,717.09,716.93,716.93,3650.0
2026-08-31 17:10:00,716.93,716.95,716.88,716.95,3237.0
2026-08-31 17:15:00,716.95,717.0,716.92,717.0,1983.0
2026-08-31 17:20:00,717.0,717.0,716.98,716.984,26276.0
2026-08-31 17:25:00,716.984,717.03,716.98,717.03,1208.0
2026-08-31 17:30:00,717.03,717.03,716.94,717.0,185963.0
2026-08-31 17:35:00,717.0,717.0,716.97,716.97,201.0
2026-08-31 17:40:00,716.97,716.99,716.9,716.96,8839.0
2026-08-31 17:45:00,716.96,717.0,716.9,716.9,9769.0
2026-08-31 17:50:00,716.91,717.0,716.91,717.0,3353.0
2026-08-31 17:55:00,717.0,717.0,716.92,717.0,1633.0
2026-08-31 18:00:00,717.0,717.0,717.0,717.0,346.0
2026-08-31 18:05:00,717.0,717.1,716.7,716.8,25167.0
2026-08-31 18:10:00,716.8,716.88,716.7,716.8,4564.0
2026-08-31 18:15:00,716.8,716.81,716.7145,716.7145,612.0
2026-08-31 18:20:00,716.7145,716.82,716.62,716.7,3849.0
2026-08-31 18:25:00,716.66,716.69,716.65,716.66,1491.0
2026-08-31 18:30:00,716.66,716.7,716.66,716.7,1467.0
2026-08-31 18:35:00,716.7,716.77,716.7,716.7277,1582.0
2026-08-31 18:40:00,716.7277,716.82,716.71,716.74,2295.0
2026-08-31 18:45:00,716.74,716.76,716.74,716.76,1466.0
2026-08-31 18:50:00,716.78,716.78,716.48,716.48,10608.0
2026-08-31 18:55:00,716.48,716.55,716.45,716.46,2488.0
2026-08-31 19:00:00,716.46,716.579,716.46,716.53,2359.0
2026-08-31 19:05:00,716.53,716.56,716.45,716.48,1810.0
2026-08-31 19:10:00,716.48,716.5,716.48,716.49,1012.0
2026-08-31 19:15:00,716.48,716.6,716.48,716.55,886.0
2026-08-31 19:20:00,716.55,716.55,716.45,716.5156,893.0
2026-08-31 19:25:00,716.5156,716.54,716.34,716.39,9134.0
2026-08-31 19:30:00,716.39,716.62,716.39,716.62,1598.0
2026-08-31 19:35:00,716.62,716.92,716.54,716.92,4166.0
2026-08-31 19:40:00,716.92,716.92,716.52,716.7,4133.0
2026-08-31 19:45:00,716.7,716.89,716.7,716.8599,1356.0
2026-08-31 19:50:00,716.8599,717.04,716.741,716.8407,10175.0
2026-08-31 19:55:00,716.8407,716.92,716.73,716.77,9089.0
2026-08-31 20:00:00,716.77,716.77,716.6,716.7,4755.0
2026-09-01 04:05:00,715.68,716.16,714.7,715.1,130131.0
2026-09-01 04:10:00,715.1,715.45,712.63,712.79,58405.0
2026-09-01 04:15:00,712.79,713.32,712.57,713.05,11989.0
2026-09-01 04:20:00,713.1,713.24,712.39,712.55,14341.0
2026-09-01 04:25:00,712.55,712.64,712.0,712.03,10042.0
2026-09-01 04:30:00,712.03,712.21,711.42,711.44,25629.0
2026-09-01 04:35:00,711.44,712.15,711.44,712.03,24556.0
2026-09-01 04:40:00,712.03,712.03,710.97,711.11,30078.0
2026-09-01 04:45:00,711.11,711.28,710.67,710.82,24674.0
2026-09-01 04:50:00,710.82,711.19,710.75,710.87,17508.0
2026-09-01 04:55:00,710.87,711.29,710.7,711.06,21236.0
2026-09-01 05:00:00,711.06,711.38,710.3,710.3607,42442.0
2026-09-01 05:05:00,710.43,710.5,709.8,710.05,59566.0
2026-09-01 05:10:00,709.9859,710.11,709.54,709.76,26289.0
2026-09-01 05:15:00,709.76,710.02,709.63,709.6912,8214.0
2026-09-01 05:20:00,709.6912,709.87,709.47,709.47,28662.0
2026-09-01 05:25:00,709.47,709.61,709.19,709.4,17120.0
2026-09-01 05:30:00,709.4,709.47,709.3,709.4,5990.0
2026-09-01 05:35:00,709.4499,709.68,709.405,709.68,21300.0
2026-09-01 05:40:00,709.68,709.68,709.13,709.13,4606.0
2026-09-01 05:45:00,709.18,709.79,709.12,709.74,11127.0
2026-09-01 05:50:00,709.74,710.16,709.74,709.98,16720.0
2026-09-01 05:55:00,709.98,710.04,709.8,709.98,6371.0
2026-09-01 06:00:00,709.98,710.06,709.8101,709.85,2077.0
2026-09-01 06:05:00,709.85,710.16,709.53,709.66,7351.0
2026-09-01 06:10:00,709.66,709.95,709.66,709.71,5192.0
2026-09-01 06:15:00,709.71,710.1,709.65,710.02,9026.0
2026-09-01 06:20:00,710.0,710.15,709.8,709.86,12967.0
2026-09-01 06:25:00,709.97,710.59,709.97,710.53,17796.0
2026-09-01 06:30:00,710.53,710.62,710.32,710.3456,8047.0
2026-09-01 06:35:00,710.4292,710.8,710.4,710.8,29357.0
2026-09-01 06:40:00,710.85,710.87,710.7,710.715,22056.0
2026-09-01 06:45:00,710.7,710.7,710.1246,710.1246,10962.0
2026-09-01 06:50:00,710.14,710.51,709.95,710.0939,30044.0
2026-09-01 06:55:00,710.0939,710.0939,709.46,709.82,29185.0
2026-09-01 07:00:00,709.82,709.84,709.72,709.84,4912.0
2026-09-01 07:05:00,709.84,709.84,709.29,709.5669,25928.0
2026-09-01 07:10:00,709.5669,709.5692,709.0,709.3724,25073.0
2026-09-01 07:15:00,709.3724,709.55,709.34,709.4,8293.0
2026-09-01 07:20:00,709.4,709.75,709.4,709.63,10968.0
2026-09-01 07:25:00,709.63,709.9,709.42,709.53,18340.0
2026-09-01 07:30:00,709.52,709.78,709.44,709.71,7433.0
2026-09-01 07:35:00,709.72,710.085,709.65,709.79,48647.0
2026-09-01 07:40:00,709.75,710.33,709.75,710.33,10212.0
2026-09-01 07:45:00,710.3048,710.39,710.0901,710.17,21206.0
2026-09-01 07:50:00,710.17,710.17,709.65,709.7,15993.0
2026-09-01 07:55:00,709.7,709.9,709.455,709.48,20982.0
2026-09-01 08:00:00,709.48,709.48,708.72,708.84,54386.0
2026-09-01 08:05:00,708.81,708.94,708.46,708.88,29053.0
2026-09-01 08:10:00,708.88,708.9,708.43,708.49,31013.0
2026-09-01 08:15:00,708.49,708.6796,708.35,708.56,16279.0
2026-09-01 08:20:00,708.56,708.81,708.2,708.22,21727.0
2026-09-01 08:25:00,708.2,708.51,707.99,708.42,73685.0
2026-09-01 08:30:00,708.42,708.77,708.33,708.7348,24115.0
2026-09-01 08:35:00,708.7348,708.7348,708.09,708.26,31943.0
2026-09-01 08:40:00,708.25,708.303,707.71,708.019,48369.0
2026-09-01 08:45:00,708.019,708.03,707.65,707.76,46486.0
2026-09-01 08:50:00,707.76,708.33,707.65,707.72,21618.0
2026-09-01 08:55:00,707.72,707.97,707.67,707.78,20326.0
2026-09-01 09:00:00,707.78,707.875,707.65,707.65,18576.0
2026-09-01 09:05:00,707.65,707.65,706.95,707.07,82336.0
2026-09-01 09:10:00,707.08,707.18,706.76,707.03,46875.0
2026-09-01 09:15:00,707.03,707.17,706.85,706.89,21328.0
2026-09-01 09:20:00,706.89,707.05,706.7,706.93,42156.0
2026-09-01 09:25:00,706.93,707.4,706.93,707.4,43435.0
2026-09-01 09:30:00,707.4,707.579,707.08,707.36,104171.0
2026-09-01 09:35:00,707.39,707.7,706.2,707.05,1527699.0
2026-09-01 09:40:00,707.05,708.04,706.11,706.39,764404.0
2026-09-01 09:45:00,706.395,706.99,705.62,706.69,1069194.0
2026-09-01 09:50:00,706.62,708.13,706.5101,708.13,487702.0
2026-09-01 09:55:00,708.1,708.45,707.225,707.62,451103.0
2026-09-01 10:00:00,707.66,707.7795,706.88,707.225,389895.0
2026-09-01 10:05:00,707.27,707.98,706.7714,707.15,449831.0
2026-09-01 10:10:00,707.15,708.55,707.15,708.3412,373374.0
2026-09-01 10:15:00,708.34,708.47,707.45,707.8771,319970.0
2026-09-01 10:20:00,707.86,708.8,707.835,708.14,384038.0
2026-09-01 10:25:00,708.16,708.97,708.16,708.52,284407.0
2026-09-01 10:30:00,708.54,708.94,708.4,708.61,398593.0
2026-09-01 10:35:00,708.6,709.76,708.57,709.715,354687.0
2026-09-01 10:40:00,709.715,709.84,709.3831,709.68,275690.0
2026-09-01 10:45:00,709.6999,710.285,709.59,710.285,238266.0
2026-09-01 10:50:00,710.28,711.1,710.09,710.5915,292069.0
2026-09-01 10:55:00,710.59,710.6,709.925,709.99,473408.0
2026-09-01 11:00:00,710.02,710.2,709.67,710.18,289644.0
2026-09-01 11:05:00,710.18,710.48,709.5201,709.77,705946.0
2026-09-01 11:10:00,709.745,709.84,709.01,709.02,511694.0
2026-09-01 11:15:00,709.012,709.46,709.0,709.0805,120272.0
2026-09-01 11:20:00,709.0887,709.56,708.9997,709.42,160890.0
2026-09-01 11:25:00,709.43,709.9,709.16,709.8687,202386.0
2026-09-01 11:30:00,709.87,710.24,709.66,710.24,380231.0
2026-09-01 11:35:00,710.25,710.53,710.06,710.24,287988.0
2026-09-01 11:40:00,710.26,711.15,710.17,711.0832,200342.0
2026-09-01 11:45:00,711.09,711.65,711.08,711.6,268411.0
2026-09-01 11:50:00,711.59,712.3,711.56,712.19,286029.0
2026-09-01 11:55:00,712.2,712.28,711.79,712.1485,289277.0
2026-09-01 12:00:00,712.12,712.17,711.66,711.81,163573.0
2026-09-01 12:05:00,711.85,711.89,711.34,711.4048,192547.0
2026-09-01 12:10:00,711.37,711.4899,710.85,710.91,169770.0
2026-09-01 12:15:00,710.94,711.07,710.29,710.29,243507.0
2026-09-01 12:20:00,710.3,710.385,709.56,709.6,414367.0
2026-09-01 12:25:00,709.595,709.74,708.7905,709.4075,801655.0
2026-09-01 12:30:00,709.39,709.56,708.61,708.99,518667.0
2026-09-01 12:35:00,708.97,709.135,707.87,707.945,419011.0
2026-09-01 12:40:00,707.935,708.64,707.9,708.63,399176.0
2026-09-01 12:45:00,708.64,708.74,707.955,707.98,599992.0
2026-09-01 12:50:00,707.98,708.59,707.87,708.57,225171.0
2026-09-01 12:55:00,708.551,708.7,708.34,708.61,268848.0
2026-09-01 13:00:00,708.6,709.44,708.6,709.3,276908.0
2026-09-01 13:05:00,709.3,709.3,708.28,708.3,185953.0
2026-09-01 13:10:00,708.3,708.51,708.01,708.254,117977.0
2026-09-01 13:15:00,708.23,708.62,708.04,708.38,144028.0
2026-09-01 13:20:00,708.4,708.5996,707.89,708.06,114954.0
2026-09-01 13:25:00,708.05,708.2695,707.83,708.0001,111087.0
2026-09-01 13:30:00,708.02,708.16,707.0,708.07,308754.0
2026-09-01 13:35:00,708.08,708.47,707.975,708.3,295974.0
2026-09-01 13:40:00,708.31,708.52,708.0301,708.075,82993.0
2026-09-01 13:45:00,708.1,708.45,708.0533,708.29,80255.0
2026-09-01 13:50:00,708.29,708.31,707.603879,707.603879,193009.0
2026-09-01 13:55:00,707.6,707.97,707.48,707.625,167371.0
2026-09-01 14:00:00,707.63,708.07,707.5,708.02,120797.0
2026-09-01 14:05:00,708.0,708.27,707.53,707.6,101158.0
2026-09-01 14:10:00,707.63,707.63,707.3219,707.57,192429.0
2026-09-01 14:15:00,707.5119,707.65,707.06,707.1,187142.0
2026-09-01 14:20:00,707.1,707.42,706.81,707.32,220735.0
2026-09-01 14:25:00,707.326,707.45,707.17,707.4,226739.0
2026-09-01 14:30:00,707.39,707.3928,706.69,706.88,199571.0
2026-09-01 14:35:00,706.87,706.96,706.26,706.39,344996.0
2026-09-01 14:40:00,706.36,706.54,706.03,706.06,249198.0
2026-09-01 14:45:00,706.075,706.17,704.975,704.99,525664.0
2026-09-01 14:50:00,704.99,705.65,704.66,705.63,613268.0
2026-09-01 14:55:00,705.6,705.87,705.43,705.77,289482.0
2026-09-01 15:00:00,705.72,706.57,705.69,706.4232,273209.0
2026-09-01 15:05:00,706.445,707.11,706.31,706.985,386034.0
2026-09-01 15:10:00,707.0,707.24,706.75,707.08,257677.0
2026-09-01 15:15:00,707.09,707.54,706.985,707.49,338396.0
2026-09-01 15:20:00,707.51,707.62,707.22,707.4,340257.0
2026-09-01 15:25:00,707.39,707.5901,707.1,707.425,586971.0
2026-09-01 15:30:00,707.43,707.73,707.29,707.65,201178.0
2026-09-01 15:35:00,707.66,707.7,706.85,707.48,319003.0
2026-09-01 15:40:00,707.47,707.59,707.09,707.1,233160.0
2026-09-01 15:45:00,707.12,707.57,706.9803,707.45,237265.0
2026-09-01 15:50:00,707.45,707.99,707.33,707.79,565333.0
2026-09-01 15:55:00,707.78,707.79,706.67,707.07,1202979.0
2026-09-01 16:00:00,707.09,708.55,706.91,707.64,2702967.0
2026-09-01 16:05:00,707.77,708.365,707.43,707.78,931612.0
2026-09-01 16:10:00,707.78,708.1,707.3646,707.72,99949.0
2026-09-01 16:15:00,707.71,707.9,707.56,707.86,816595.0
2026-09-01 16:20:00,707.86,708.49,707.85,708.36,426054.0
2026-09-01 16:25:00,708.36,708.43,708.24,708.26,195285.0
2026-09-01 16:30:00,708.26,708.3,707.91,707.91,147718.0
2026-09-01 16:35:00,707.91,708.02,707.84,707.9,32564.0
2026-09-01 16:40:00,707.9,708.27,707.9,707.9,85749.0
2026-09-01 16:45:00,707.9,708.35,707.8,708.14,54578.0
2026-09-01 16:50:00,708.14,708.15,707.9,708.02,34115.0
2026-09-01 16:55:00,708.02,708.11,707.94,707.97,12427.0
2026-09-01 17:00:00,707.97,708.0,707.74,707.85,127539.0
2026-09-01 17:05:00,707.85,707.85,707.67,707.7,2670.0
2026-09-01 17:10:00,707.7,707.99,707.7,707.98,306119.0
2026-09-01 17:15:00,707.98,708.04,707.86,708.04,55357.0
2026-09-01 17:20:00,708.04,708.04,707.68,707.82,14315.0
2026-09-01 17:25:00,707.82,707.91,707.7,707.91,1141.0
2026-09-01 17:30:00,707.83,707.84,707.78,707.79,1879.0
2026-09-01 17:35:00,707.79,707.8,707.66,707.66,5692.0
2026-09-01 17:40:00,707.66,707.75,707.65,707.65,1440.0
2026-09-01 17:45:00,707.65,707.75,707.64,707.7314,241193.0
2026-09-01 17:50:00,707.7314,707.85,707.7,707.8,37497.0
2026-09-01 17:55:00,707.8,707.83,707.79,707.8,3109.0
2026-09-01 18:00:00,707.8,707.8,707.7,707.7024,1795.0
2026-09-01 18:05:00,707.7024,708.15,707.45,707.93,47229.0
2026-09-01 18:10:00,707.93,707.93,707.3168,707.36,10073.0
2026-09-01 18:15:00,707.36,707.36,707.23,707.25,6227.0
2026-09-01 18:20:00,707.25,707.31,707.2,707.25,4156.0
2026-09-01 18:25:00,707.24,707.3,707.1,707.3,3542.0
2026-09-01 18:30:00,707.3,707.5724,707.15,707.348,7109.0
2026-09-01 18:35:00,707.348,707.5,707.348,707.46,2073.0
2026-09-01 18:40:00,707.46,707.47,707.36,707.41,1739.0
2026-09-01 18:45:00,707.41,707.47,707.33,707.34,11266.0
2026-09-01 18:50:00,707.34,707.8,707.34,707.7924,10703.0
2026-09-01 18:55:00,707.7924,707.88,707.76,707.78,2084.0
2026-09-01 19:00:00,707.78,707.82,707.64,707.78,4461.0
2026-09-01 19:05:00,707.78,707.81,707.69,707.7,2847.0
2026-09-01 19:10:00,707.7,707.77,707.7,707.7001,2833.0
2026-09-01 19:15:00,707.7001,707.76,707.7001,707.76,511.0
2026-09-01 19:20:00,707.76,707.77,707.68,707.68,2161.0
2026-09-01 19:25:00,707.68,707.91,707.5,707.91,4820.0
2026-09-01 19:30:00,707.91,707.91,707.75,707.76,1289.0
2026-09-01 19:35:00,707.76,707.98,707.76,707.89,3397.0
2026-09-01 19:40:00,707.89,707.99,707.86,707.91,1182.0
2026-09-01 19:45:00,707.91,708.01,707.85,708.0,7599.0
2026-09-01 19:50:00,708.0,708.05,707.87,707.98,3910.0
2026-09-01 19:55:00,707.98,708.05,707.85,707.95,6684.0
2026-09-01 20:00:00,707.95,707.95,707.7923,707.8299,6460.0
2026-09-02 04:05:00,707.64,707.64,705.94,706.63,172886.0
2026-09-02 04:10:00,706.99,707.0,706.37,706.43,4918.0
2026-09-02 04:15:00,706.43,706.75,706.39,706.51,5259.0
2026-09-02 04:20:00,706.51,706.5895,706.045,706.07,3213.0
2026-09-02 04:25:00,706.07,706.09,705.66,705.81,2536.0
2026-09-02 04:30:00,705.81,706.1,705.7,705.85,7707.0
2026-09-02 04:35:00,705.85,706.3,705.85,706.0485,5908.0
2026-09-02 04:40:00,705.83,705.94,705.68,705.71,2098.0
2026-09-02 04:45:00,705.71,705.71,705.48,705.54,1859.0
2026-09-02 04:50:00,705.54,705.599,705.21,705.22,6147.0
2026-09-02 04:55:00,705.21,705.26,703.64,703.64,25154.0
2026-09-02 05:00:00,703.64,704.09,703.61,704.02,16850.0
2026-09-02 05:05:00,704.02,705.05,704.02,704.89,5557.0
2026-09-02 05:10:00,704.95,705.3,704.66,704.76,7745.0
2026-09-02 05:15:00,704.76,704.79,704.125,704.125,3799.0
2026-09-02 05:20:00,704.125,704.5191,703.97,704.49,9963.0
2026-09-02 05:25:00,704.36,704.36,703.63,703.88,10649.0
2026-09-02 05:30:00,703.88,704.2,703.88,704.13,16767.0
2026-09-02 05:35:00,704.13,704.2,703.4,703.57,15727.0
2026-09-02 05:40:00,703.57,703.63,703.28,703.45,7606.0
2026-09-02 05:45:00,703.45,703.6596,703.45,703.48,3839.0
2026-09-02 05:50:00,703.48,703.72,703.46,703.68,2558.0
2026-09-02 05:55:00,703.68,703.8,703.58,703.64,1453.0
2026-09-02 06:00:00,703.64,704.05,703.64,704.05,7101.0
2026-09-02 06:05:00,703.9886,704.1,703.5,703.5,15843.0
2026-09-02 06:10:00,703.5,703.7,703.41,703.7,8257.0
2026-09-02 06:15:00,703.7,704.13,703.57,704.13,4138.0
2026-09-02 06:20:00,704.13,704.24,704.07,704.07,4604.0
2026-09-02 06:25:00,704.07,704.24,704.06,704.15,23068.0
2026-09-02 06:30:00,704.15,704.54,704.15,704.3585,11071.0
2026-09-02 06:35:00,704.3585,704.38,703.82,704.11,8025.0
2026-09-02 06:40:00,704.11,704.19,703.82,703.85,3421.0
2026-09-02 06:45:00,703.85,703.94,703.72,703.9,5954.0
2026-09-02 06:50:00,703.9,704.1019,703.78,704.1019,4516.0
2026-09-02 06:55:00,704.14,704.15,703.7,703.96,6785.0
2026-09-02 07:00:00,703.96,704.28,703.96,704.28,2976.0
2026-09-02 07:05:00,704.38,704.4,702.96,703.08,33493.0
2026-09-02 07:10:00,703.08,704.47,702.9692,704.47,42063.0
2026-09-02 07:15:00,704.09,705.18,703.9501,705.02,23198.0
2026-09-02 07:20:00,705.0,705.22,704.57,704.83,37066.0
2026-09-02 07:25:00,704.83,705.08,704.74,705.0401,20356.0
2026-09-02 07:30:00,705.0401,705.53,705.0,705.3,54099.0
2026-09-02 07:35:00,705.3,705.94,705.15,705.94,22024.0
2026-09-02 07:40:00,705.94,706.12,705.82,705.922,36220.0
2026-09-02 07:45:00,705.92,705.9316,705.3,705.37,25291.0
2026-09-02 07:50:00,705.4199,705.54,705.3,705.36,10951.0
2026-09-02 07:55:00,705.36,705.83,705.26,705.64,17839.0
2026-09-02 08:00:00,705.64,706.71,705.6339,706.71,36273.0
2026-09-02 08:05:00,706.7,706.835,706.51,706.835,26948.0
2026-09-02 08:10:00,706.835,707.31,706.835,706.98,27181.0
2026-09-02 08:15:00,706.905,707.67,706.7,707.56,36784.0
2026-09-02 08:20:00,707.64,707.64,707.0275,707.11,16893.0
2026-09-02 08:25:00,707.11,708.25,707.0,707.8,56073.0
2026-09-02 08:30:00,707.8,707.94,707.24,707.37,37382.0
2026-09-02 08:35:00,707.37,707.37,706.68,706.83,38201.0
2026-09-02 08:40:00,706.83,706.88,706.3201,706.61,15023.0
2026-09-02 08:45:00,706.61,706.71,706.39,706.4,8584.0
2026-09-02 08:50:00,706.4,706.41,706.0313,706.0313,14938.0
2026-09-02 08:55:00,706.0313,706.08,705.66,705.72,16389.0
2026-09-02 09:00:00,705.72,705.74,705.5,705.66,23666.0
2026-09-02 09:05:00,705.66,706.12,705.66,705.96,23609.0
2026-09-02 09:10:00,705.9893,706.35,705.9,706.19,60943.0
2026-09-02 09:15:00,706.19,706.35,706.13,706.339,4992.0
2026-09-02 09:20:00,706.32,706.58,706.29,706.54,8721.0
2026-09-02 09:25:00,706.54,706.92,706.47,706.84,38559.0
2026-09-02 09:30:00,706.77,707.44,706.61,706.86,41311.0
2026-09-02 09:35:00,707.1,707.14,705.75,706.67,752622.0
2026-09-02 09:40:00,706.73,706.87,705.58,706.78,534856.0
2026-09-02 09:45:00,706.8,707.54,706.52,706.87,571271.0
2026-09-02 09:50:00,706.89,707.4,705.72,705.87,537315.0
2026-09-02 09:55:00,705.86,706.44,705.3,705.39,435001.0
2026-09-02 10:00:00,705.41,706.289,705.1,706.18,332215.0
2026-09-02 10:05:00,706.19,706.69,705.49,706.67,301332.0
2026-09-02 10:10:00,706.68,707.45,706.64,707.0302,587387.0
2026-09-02 10:15:00,707.02,707.77,706.83,707.76,660292.0
2026-09-02 10:20:00,707.76,708.61,707.58,708.56,357327.0
2026-09-02 10:25:00,708.56,709.23,708.3068,708.855,375348.0
2026-09-02 10:30:00,708.85,709.34,708.565,709.2,429137.0
2026-09-02 10:35:00,709.16,709.66,708.86,709.62,348079.0
2026-09-02 10:40:00,709.65,709.7988,708.77,709.2071,302965.0
2026-09-02 10:45:00,709.18,709.6,709.0305,709.57,344478.0
2026-09-02 10:50:00,709.59,709.6,708.29,708.59,411057.0
2026-09-02 10:55:00,708.58,708.58,707.65,707.86,234337.0
2026-09-02 11:00:00,707.85,708.1,707.42,707.6,349368.0
2026-09-02 11:05:00,707.59,708.25,707.2975,708.06,240038.0
2026-09-02 11:10:00,708.08,708.44,707.8,708.42,179599.0
2026-09-02 11:15:00,708.41,708.77,708.1,708.51,219610.0
2026-09-02 11:20:00,708.54,709.28,708.37,709.16,234120.0
2026-09-02 11:25:00,709.17,709.245,708.77,709.015,284098.0
2026-09-02 11:30:00,709.045,709.72,709.02,709.64,178306.0
2026-09-02 11:35:00,709.67,709.7399,709.29,709.365,241175.0
2026-09-02 11:40:00,709.34,709.58,708.86,709.0,170209.0
2026-09-02 11:45:00,709.04,709.25,708.92,709.1438,120339.0
2026-09-02 11:50:00,709.12,709.12,708.11,708.14,135651.0
2026-09-02 11:55:00,708.14,708.7,708.0,708.3499,111246.0
2026-09-02 12:00:00,708.35,709.3116,708.12,709.195,115341.0
2026-09-02 12:05:00,709.2,709.46,708.91,709.44,334500.0
2026-09-02 12:10:00,709.435,709.48,709.1484,709.24,76204.0
2026-09-02 12:15:00,709.25,709.41,709.09,709.2,138527.0
2026-09-02 12:20:00,709.16,709.19,708.57,708.805,112817.0
2026-09-02 12:25:00,708.82,708.96,708.53,708.61,80244.0
2026-09-02 12:30:00,708.61,708.75,708.17,708.385,90323.0
2026-09-02 12:35:00,708.3895,708.93,708.34,708.6,154907.0
2026-09-02 12:40:00,708.61,708.8875,708.5,708.5,96530.0
2026-09-02 12:45:00,708.54,708.5403,708.04,708.06,94104.0
2026-09-02 12:50:00,708.05,708.33,708.05,708.25,167233.0
2026-09-02 12:55:00,708.255,708.715,707.98,708.665,178292.0
2026-09-02 13:00:00,708.66,708.73,708.28,708.42,112993.0
2026-09-02 13:05:00,708.45,709.09,708.45,708.89,140037.0
2026-09-02 13:10:00,708.88,708.9695,707.7401,707.84,208734.0
2026-09-02 13:15:00,707.83,708.36,707.805,708.2,214722.0
2026-09-02 13:20:00,708.2,708.2215,707.72,707.86,98922.0
2026-09-02 13:25:00,707.855,708.35,707.752,708.225,158003.0
2026-09-02 13:30:00,708.2101,708.42,708.1,708.32,119263.0
2026-09-02 13:35:00,708.34,708.44,707.9,707.9,120298.0
2026-09-02 13:40:00,707.8951,708.075,707.84,707.955,60155.0
2026-09-02 13:45:00,707.93,708.5,707.76,708.49,209201.0
2026-09-02 13:50:00,708.5,708.88,708.49,708.53,231961.0
2026-09-02 13:55:00,708.54,708.65,708.33,708.49,144008.0
2026-09-02 14:00:00,708.47,708.74,708.14,708.54,170947.0
2026-09-02 14:05:00,708.54,708.56,707.97,708.52,136656.0
2026-09-02 14:10:00,708.47,708.68,708.225,708.33,261025.0
2026-09-02 14:15:00,708.31,708.4,708.03,708.19,64044.0
2026-09-02 14:20:00,708.23,709.5,708.16,708.85,1047941.0
2026-09-02 14:25:00,708.85,708.94,708.58,708.775,96918.0
2026-09-02 14:30:00,708.795,708.9,708.435,708.53,54446.0
2026-09-02 14:35:00,708.53,708.9,708.5,708.52,84257.0
2026-09-02 14:40:00,708.5,708.6548,708.05,708.1199,122154.0
2026-09-02 14:45:00,708.11,708.15,707.885,707.99,91706.0
2026-09-02 14:50:00,708.0,708.3898,707.85,708.31,109903.0
2026-09-02 14:55:00,708.3,708.42,707.94,708.06,118308.0
2026-09-02 15:00:00,708.08,708.385,708.04,708.21,155083.0
2026-09-02 15:05:00,708.225,708.45,708.07,708.31,148271.0
2026-09-02 15:10:00,708.32,708.7,708.29,708.7,134992.0
2026-09-02 15:15:00,708.71,708.825,708.575,708.71,153248.0
2026-09-02 15:20:00,708.7,708.79,708.5,708.79,835897.0
2026-09-02 15:25:00,708.8,708.8,708.34,708.48,445959.0
2026-09-02 15:30:00,708.47,708.795,708.33,708.75,136743.0
2026-09-02 15:35:00,708.73,708.88,708.56,708.82,610211.0
2026-09-02 15:40:00,708.825,708.83,708.4329,708.6,147836.0
2026-09-02 15:45:00,708.55,708.94,708.5004,708.91,116241.0
2026-09-02 15:50:00,708.9,709.194,708.855,709.11,247695.0
2026-09-02 15:55:00,709.1,709.44,708.79,709.28,417536.0
2026-09-02 16:00:00,709.31,709.36,708.815,709.24,1180455.0
2026-09-02 16:05:00,709.3,709.52,709.24,709.45,540359.0
2026-09-02 16:10:00,709.46,709.77,709.24,709.48,79385.0
2026-09-02 16:15:00,709.48,709.6,709.33,709.34,72730.0
2026-09-02 16:20:00,709.34,709.45,707.6,708.22,211805.0
2026-09-02 16:25:00,708.22,708.6,708.2,708.53,33920.0
2026-09-02 16:30:00,708.53,708.6767,708.416,708.44,14825.0
2026-09-02 16:35:00,708.44,708.51,708.32,708.51,22166.0
2026-09-02 16:40:00,708.51,708.51,708.37,708.37,12423.0
2026-09-02 16:45:00,708.37,708.6,708.29,708.31,73899.0
2026-09-02 16:50:00,708.31,708.62,708.28,708.55,52237.0
2026-09-02 16:55:00,708.55,708.62,708.43,708.61,21626.0
2026-09-02 17:00:00,708.61,708.61,708.08,708.16,36075.0
2026-09-02 17:05:00,708.16,708.47,708.16,708.28,4117.0
2026-09-02 17:10:00,708.28,708.33,708.28,708.28,1116.0
2026-09-02 17:15:00,708.28,708.35,708.1732,708.28,4894.0
2026-09-02 17:20:00,708.28,708.93,707.92,708.51,201357.0
2026-09-02 17:25:00,708.51,709.33,708.35,709.12,69570.0
2026-09-02 17:30:00,709.13,709.13,708.82,709.02,34418.0
2026-09-02 17:35:00,709.02,709.24,709.02,709.14,7265.0
2026-09-02 17:40:00,709.14,709.44,708.853,708.853,8977.0
2026-09-02 17:45:00,708.853,709.01,708.853,709.0099,1793.0
2026-09-02 17:50:00,709.0099,709.28,708.93,709.28,5360.0
2026-09-02 17:55:00,709.28,709.28,708.9866,709.14,2185.0
2026-09-02 18:00:00,709.14,709.16,708.9787,708.9787,1364.0
2026-09-02 18:05:00,708.9787,708.9787,708.32,708.6,31391.0
2026-09-02 18:10:00,708.62,708.62,708.35,708.5,9047.0
2026-09-02 18:15:00,708.53,709.19,708.53,709.1386,4920.0
2026-09-02 18:20:00,709.1386,709.24,709.02,709.17,3470.0
2026-09-02 18:25:00,709.17,709.69,709.17,709.6,7058.0
2026-09-02 18:30:00,709.6,709.6,709.41,709.41,3135.0
2026-09-02 18:35:00,709.41,709.42,709.37,709.41,1529.0
2026-09-02 18:40:00,709.41,709.45,709.3201,709.45,3000.0
2026-09-02 18:45:00,709.45,709.56,709.4099,709.53,859.0
2026-09-02 18:50:00,709.53,709.53,709.1,709.11,4109.0
2026-09-02 18:55:00,709.04,709.08,709.0193,709.0213,1168.0
2026-09-02 19:00:00,709.02,709.1,709.02,709.0599,668.0
2026-09-02 19:05:00,709.0599,709.18,709.0577,709.11,896.0
2026-09-02 19:10:00,709.11,709.15,709.08,709.08,2807.0
2026-09-02 19:15:00,709.08,709.08,708.95,708.95,473.0
2026-09-02 19:20:00,708.86,708.87,708.74,708.8,3832.0
2026-09-02 19:25:00,708.8,708.88,708.77,708.8732,2066.0
2026-09-02 19:30:00,708.8732,708.96,708.8732,708.96,495.0
2026-09-02 19:35:00,709.0,709.14,708.99,709.02,3950.0
2026-09-02 19:40:00,709.02,709.02,708.9,708.95,868.0
2026-09-02 19:45:00,708.95,709.21,708.95,709.21,6208.0
2026-09-02 19:50:00,709.21,709.81,709.21,709.63,31047.0
2026-09-02 19:55:00,709.63,709.75,709.62,709.66,1992.0
2026-09-02 20:00:00,709.66,709.72,709.53,709.6,11669.0
2026-09-03 04:05:00,709.24,711.4,709.24,710.99,196813.0
2026-09-03 04:10:00,710.99,711.845,710.64,710.64,34374.0
2026-09-03 04:15:00,710.64,711.08,710.53,710.68,104385.0
2026-09-03 04:20:00,710.68,710.78,710.35,710.75,102200.0
2026-09-03 04:25:00,710.75,710.83,710.4,710.58,45968.0
2026-09-03 04:30:00,710.56,711.1,710.5,710.87,42377.0
2026-09-03 04:35:00,710.88,710.88,710.5,710.57,58831.0
2026-09-03 04:40:00,710.68,710.78,710.25,710.25,26749.0
2026-09-03 04:45:00,710.29,710.46,710.28,710.28,8349.0
2026-09-03 04:50:00,710.28,710.38,710.12,710.21,8082.0
2026-09-03 04:55:00,710.21,710.2915,709.99,710.22,7496.0
2026-09-03 05:00:00,710.22,710.23,710.03,710.03,5171.0
2026-09-03 05:05:00,710.0452,710.0452,709.92,709.95,3469.0
2026-09-03 05:10:00,709.95,710.08,709.92,710.04,2847.0
2026-09-03 05:15:00,710.04,710.18,709.91,710.09,2191.0
2026-09-03 05:20:00,710.09,710.09,709.75,709.8,2707.0
2026-09-03 05:25:00,709.9,709.9,709.47,709.47,8711.0
2026-09-03 05:30:00,709.47,709.59,709.3,709.3,14836.0
2026-09-03 05:35:00,709.3,709.53,709.09,709.275,5699.0
2026-09-03 05:40:00,709.275,709.275,708.99,709.105,4285.0
2026-09-03 05:45:00,709.105,709.105,708.84,708.9,5988.0
2026-09-03 05:50:00,708.9,708.93,708.41,708.42,3661.0
2026-09-03 05:55:00,708.42,708.77,708.37,708.37,15590.0
2026-09-03 06:00:00,708.365,708.39,707.83,708.12,26536.0
2026-09-03 06:05:00,708.12,708.44,708.04,708.35,9244.0
2026-09-03 06:10:00,708.35,708.48,708.2,708.22,1766.0
2026-09-03 06:15:00,708.22,708.22,707.71,707.8,7775.0
2026-09-03 06:20:00,707.78,708.0,707.7,707.87,21450.0
2026-09-03 06:25:00,707.87,707.91,707.79,707.85,5609.0
2026-09-03 06:30:00,707.85,707.92,707.79,707.89,604.0
2026-09-03 06:35:00,707.89,708.08,707.66,707.72,1587.0
2026-09-03 06:40:00,707.72,707.72,707.4,707.6576,3567.0
2026-09-03 06:45:00,707.6576,707.82,707.6576,707.77,2540.0
2026-09-03 06:50:00,707.77,707.8,707.42,707.42,2723.0
2026-09-03 06:55:00,707.44,707.88,707.41,707.67,2101.0
2026-09-03 07:00:00,707.79,707.79,707.59,707.59,4193.0
2026-09-03 07:05:00,707.59,708.163,707.364,708.163,28225.0
2026-09-03 07:10:00,708.163,708.88,708.09,708.712,19216.0
2026-09-03 07:15:00,708.712,708.823,708.5204,708.7108,5984.0
2026-09-03 07:20:00,708.7077,709.27,708.7,708.86,16578.0
2026-09-03 07:25:00,708.86,708.86,708.6103,708.85,2746.0
2026-09-03 07:30:00,708.85,709.0,708.64,708.76,4128.0
2026-09-03 07:35:00,708.76,708.81,707.46,708.79,42049.0
2026-09-03 07:40:00,708.79,708.79,708.38,708.4,5468.0
2026-09-03 07:45:00,708.4,708.4,708.08,708.24,6410.0
2026-09-03 07:50:00,708.24,708.24,707.33,707.34,27607.0
2026-09-03 07:55:00,707.34,707.5541,707.29,707.368,12322.0
2026-09-03 08:00:00,707.368,707.54,707.29,707.2937,11707.0
2026-09-03 08:05:00,707.2937,707.949,707.2937,707.8,10266.0
2026-09-03 08:10:00,707.8,708.0,707.8,707.99,10536.0
2026-09-03 08:15:00,707.9838,708.2856,707.76,707.8,13382.0
2026-09-03 08:20:00,707.8,707.82,707.5,707.51,24296.0
2026-09-03 08:25:00,707.5,708.13,707.33,708.015,33431.0
2026-09-03 08:30:00,708.015,708.4,707.92,708.32,21008.0
2026-09-03 08:35:00,708.32,710.65,708.32,709.86,144718.0
2026-09-03 08:40:00,709.83,709.92,709.1498,709.6,49331.0
2026-09-03 08:45:00,709.6,709.72,709.18,709.3,25479.0
2026-09-03 08:50:00,709.3,709.6,709.3,709.59,27228.0
2026-09-03 08:55:00,709.59,710.67,709.59,710.55,39099.0
2026-09-03 09:00:00,710.55,711.0,710.5317,710.7,47683.0
2026-09-03 09:05:00,710.7,710.7,709.71,709.96,36675.0
2026-09-03 09:10:00,709.96,710.17,709.66,709.81,15127.0
2026-09-03 09:15:00,709.81,710.7,709.81,710.55,20859.0
2026-09-03 09:20:00,710.55,710.66,709.7138,709.77,24384.0
2026-09-03 09:25:00,709.7994,710.18,709.67,710.18,16163.0
2026-09-03 09:30:00,710.15,711.22,710.01,711.22,38632.0
2026-09-03 09:35:00,710.85,711.67,710.18,710.97,860390.0
2026-09-03 09:40:00,710.94,712.91,709.69,712.77,855307.0
2026-09-03 09:45:00,712.78,713.49,712.39,713.15,522877.0
2026-09-03 09:50:00,713.15,713.65,712.53,713.47,369018.0
2026-09-03 09:55:00,713.505,713.85,712.66,713.25,516399.0
2026-09-03 10:00:00,713.2496,713.37,711.98,712.88,591115.0
2026-09-03 10:05:00,712.84,712.8401,710.87,711.28,997401.0
2026-09-03 10:10:00,711.275,711.65,710.67,711.2401,374173.0
2026-09-03 10:15:00,711.28,712.11,710.85,712.055,355302.0
2026-09-03 10:20:00,712.04,713.215,711.95,713.055,563293.0
2026-09-03 10:25:00,713.07,713.55,712.73,713.25,439693.0
2026-09-03 10:30:00,713.255,713.56,712.71,713.08,267058.0
2026-09-03 10:35:00,713.06,713.47,711.6531,711.73,303433.0
2026-09-03 10:40:00,711.76,712.5,711.58,711.65,201434.0
2026-09-03 10:45:00,711.65,712.31,711.42,711.61,217848.0
2026-09-03 10:50:00,711.655,712.34,711.48,712.26,192929.0
2026-09-03 10:55:00,712.2739,712.375,711.68,712.375,130972.0
2026-09-03 11:00:00,712.3486,713.645,710.75,713.55,646835.0
2026-09-03 11:05:00,713.56,715.37,713.55,715.33,873236.0
2026-09-03 11:10:00,715.32,715.54,714.97,715.17,504756.0
2026-09-03 11:15:00,715.19,716.05,715.09,716.0,501263.0
2026-09-03 11:20:00,716.005,716.37,715.92,716.24,445816.0
2026-09-03 11:25:00,716.195,716.72,715.757,716.41,406398.0
2026-09-03 11:30:00,716.4,717.82,716.34,717.73,718143.0
2026-09-03 11:35:00,717.77,717.87,717.29,717.55,555520.0
2026-09-03 11:40:00,717.54,717.75,717.09,717.2,253041.0
2026-09-03 11:45:00,717.2,717.45,716.94,717.01,220299.0
2026-09-03 11:50:00,717.03,717.35,716.9576,717.18,131180.0
2026-09-03 11:55:00,717.185,717.64,717.02,717.56,198080.0
2026-09-03 12:00:00,717.56,717.82,717.39,717.82,143335.0
2026-09-03 12:05:00,717.805,717.82,717.16,717.17,376130.0
2026-09-03 12:10:00,717.1612,717.31,716.9332,717.12,753379.0
2026-09-03 12:15:00,717.1,717.42,716.99,717.33,245159.0
2026-09-03 12:20:00,717.34,717.55,717.12,717.46,113732.0
2026-09-03 12:25:00,717.51,717.5101,716.9,716.9,160237.0
2026-09-03 12:30:00,716.91,716.935,716.6,716.78,206584.0
2026-09-03 12:35:00,716.794,716.87,716.49,716.6,137230.0
2026-09-03 12:40:00,716.595,717.478,716.44,717.4,271938.0
2026-09-03 12:45:00,717.375,717.6999,717.345,717.55,92271.0
2026-09-03 12:50:00,717.57,717.6697,717.41,717.605,120923.0
2026-09-03 12:55:00,717.62,717.67,717.295,717.41,74816.0
2026-09-03 13:00:00,717.39,717.93,717.36,717.545,95344.0
2026-09-03 13:05:00,717.57,717.7,717.09,717.345,99391.0
2026-09-03 13:10:00,717.32,717.37,716.7,716.7,89384.0
2026-09-03 13:15:00,716.7085,716.91,716.58,716.6501,161391.0
2026-09-03 13:20:00,716.67,716.9,716.52,716.575,135297.0
2026-09-03 13:25:00,716.57,716.59,716.34,716.4705,148755.0
2026-09-03 13:30:00,716.4895,717.08,716.47,716.97,120277.0
2026-09-03 13:35:00,716.96,717.33,716.958,717.23,103471.0
2026-09-03 13:40:00,717.23,717.59,717.18,717.37,113626.0
2026-09-03 13:45:00,717.387,717.63,717.36,717.58,134912.0
2026-09-03 13:50:00,717.555,717.705,717.38,717.58,280878.0
2026-09-03 13:55:00,717.6,718.15,717.48,717.99,363591.0
2026-09-03 14:00:00,717.99,718.13,717.85,717.93,113770.0
2026-09-03 14:05:00,717.92,718.76,717.92,718.66,474427.0
2026-09-03 14:10:00,718.67,718.805,718.47,718.68,217646.0
2026-09-03 14:15:00,718.685,718.79,718.58,718.65,238837.0
2026-09-03 14:20:00,718.6576,718.915,718.54,718.62,438747.0
2026-09-03 14:25:00,718.64,718.7,718.443,718.62,186408.0
2026-09-03 14:30:00,718.63,718.77,718.5,718.585,203127.0
2026-09-03 14:35:00,718.6,718.77,718.411,718.74,93510.0
2026-09-03 14:40:00,718.75,718.8,718.59,718.73,150740.0
2026-09-03 14:45:00,718.73,718.76,718.335,718.34,320358.0
2026-09-03 14:50:00,718.335,718.75,718.335,718.75,286397.0
2026-09-03 14:55:00,718.74,718.84,718.45,718.58,129933.0
2026-09-03 15:00:00,718.585,718.585,718.35,718.53,263343.0
2026-09-03 15:05:00,718.525,718.57,718.155,718.249,180216.0
2026-09-03 15:10:00,718.25,718.35,718.03,718.045,127119.0
2026-09-03 15:15:00,718.06,718.13,717.7,717.83,142854.0
2026-09-03 15:20:00,717.82,717.955,717.63,717.955,267894.0
2026-09-03 15:25:00,717.95,717.96,717.56,717.65,313609.0
2026-09-03 15:30:00,717.655,717.8,717.5437,717.73,233667.0
2026-09-03 15:35:00,717.725,717.91,717.5,717.55,323267.0
2026-09-03 15:40:00,717.55,717.78,717.54,717.69,306784.0
2026-09-03 15:45:00,717.68,717.88,717.46,717.51,192645.0
2026-09-03 15:50:00,717.51,717.77,717.3,717.41,453814.0
2026-09-03 15:55:00,717.42,717.6,717.168,717.56,536030.0
2026-09-03 16:00:00,717.58,717.74,717.14,717.67,2451483.0
2026-09-03 16:05:00,717.67,717.76,717.05,717.23,282915.0
2026-09-03 16:10:00,717.23,717.439,717.15,717.39,40863.0
2026-09-03 16:15:00,717.35,717.42,717.24,717.41,567732.0
2026-09-03 16:20:00,717.41,717.42,717.16,717.21,22507.0
2026-09-03 16:25:00,717.21,717.22,717.05,717.05,17344.0
2026-09-03 16:30:00,717.05,717.16,717.05,717.15,4618.0
2026-09-03 16:35:00,717.15,717.29,717.1,717.26,5358.0
2026-09-03 16:40:00,717.25,717.32,717.2,717.21,18541.0
2026-09-03 16:45:00,717.1906,717.22,717.17,717.2096,6507.0
2026-09-03 16:50:00,717.2096,717.2096,717.1,717.1,7501.0
2026-09-03 16:55:00,717.1,717.12,716.9,716.9277,149035.0
2026-09-03 17:00:00,716.9277,717.02,716.9277,717.02,12810.0
2026-09-03 17:05:00,717.02,717.05,716.95,716.98,190388.0
2026-09-03 17:10:00,716.98,717.1,716.98,717.05,4692.0
2026-09-03 17:15:00,717.05,717.1,717.0,717.0,11065.0
2026-09-03 17:20:00,717.0,717.05,717.0,717.04,9396.0
2026-09-03 17:25:00,717.04,717.04,717.0,717.0,2093.0
2026-09-03 17:30:00,717.0,717.08,716.98,717.08,2051.0
2026-09-03 17:35:00,717.08,717.08,717.02,717.02,1216.0
2026-09-03 17:40:00,717.02,717.14,717.02,717.12,1372.0
2026-09-03 17:45:00,717.12,717.18,717.07,717.17,2165.0
2026-09-03 17:50:00,717.17,717.3,717.17,717.24,654.0
2026-09-03 17:55:00,717.24,717.28,717.15,717.15,991.0
2026-09-03 18:00:00,717.15,717.19,717.0,717.0429,4446.0
2026-09-03 18:05:00,717.0429,717.0429,716.58,716.7509,27519.0
2026-09-03 18:10:00,716.7509,716.76,716.62,716.62,13538.0
2026-09-03 18:15:00,716.62,716.67,716.52,716.6,3701.0
2026-09-03 18:20:00,716.6,716.82,716.58,716.7,3524.0
2026-09-03 18:25:00,716.7,716.8,716.67,716.7,9407.0
2026-09-03 18:30:00,716.7,716.7,716.6,716.67,982.0
2026-09-03 18:35:00,716.67,716.81,716.67,716.81,506.0
2026-09-03 18:40:00,716.8399,716.8423,716.77,716.7823,1859.0
2026-09-03 18:45:00,716.7823,716.79,716.71,716.79,1417.0
2026-09-03 18:50:00,716.79,716.85,716.79,716.81,1514.0
2026-09-03 18:55:00,716.81,716.93,716.79,716.91,789.0
2026-09-03 19:00:00,716.91,717.15,716.91,717.15,3514.0
2026-09-03 19:05:00,717.15,717.19,717.07,717.12,3194.0
2026-09-03 19:10:00,717.11,717.12,717.04,717.12,3084.0
2026-09-03 19:15:00,717.12,717.15,717.0,717.05,1047.0
2026-09-03 19:20:00,717.05,717.05,716.91,717.0497,1574.0
2026-09-03 19:25:00,717.0497,717.05,716.9602,717.0007,1930.0
2026-09-03 19:30:00,717.0007,717.12,717.0007,717.12,880.0
2026-09-03 19:35:00,717.12,717.12,716.99,716.99,1552.0
2026-09-03 19:40:00,716.99,717.05,716.98,717.05,1567.0
2026-09-03 19:45:00,717.05,717.1244,717.05,717.1,550.0
2026-09-03 19:50:00,717.1,717.28,717.1,717.21,10875.0
2026-09-03 19:55:00,717.21,717.23,717.08,717.08,4790.0
2026-09-03 20:00:00,717.08,717.22,717.03,717.03,2176.0
2026-09-04 04:05:00,720.79,721.15,719.99,720.73,153274.0
2026-09-04 04:10:00,720.73,721.33,720.73,721.23,8987.0
2026-09-04 04:15:00,721.23,721.25,720.83,720.92,5045.0
2026-09-04 04:20:00,720.92,720.97,720.85,720.94,7571.0
2026-09-04 04:25:00,720.94,721.1595,720.8,720.8,2691.0
2026-09-04 04:30:00,720.788,721.4,720.76,721.4,7647.0
2026-09-04 04:35:00,721.31,721.32,721.0,721.0,2477.0
2026-09-04 04:40:00,721.0,721.0,720.76,720.87,1786.0
2026-09-04 04:45:00,720.87,721.06,720.78,721.01,6174.0
2026-09-04 04:50:00,721.01,721.1,720.96,721.05,2454.0
2026-09-04 04:55:00,720.87,721.06,720.85,721.06,4028.0
2026-09-04 05:00:00,721.06,721.23,721.0,721.0,1911.0
2026-09-04 05:05:00,721.0,721.07,720.8,720.8,1654.0
2026-09-04 05:10:00,720.77,720.86,720.66,720.68,6250.0
2026-09-04 05:15:00,720.68,720.69,720.32,720.39,6507.0
2026-09-04 05:20:00,720.38,720.67,720.315,720.65,9932.0
2026-09-04 05:25:00,720.65,720.65,720.05,720.16,2636.0
2026-09-04 05:30:00,720.16,720.27,720.095,720.12,1438.0
2026-09-04 05:35:00,720.12,720.5,720.12,720.5,4830.0
2026-09-04 05:40:00,720.5,720.5,720.4799,720.5,323.0
2026-09-04 05:45:00,720.5,720.75,720.5,720.75,2023.0
2026-09-04 05:50:00,720.75,720.93,720.75,720.93,5265.0
2026-09-04 05:55:00,720.93,721.06,720.84,721.03,1591.0
2026-09-04 06:00:00,721.0,721.09,720.91,721.0404,2684.0
2026-09-04 06:05:00,721.0404,721.3,721.01,721.2046,5696.0
2026-09-04 06:10:00,721.2046,721.2046,720.98,721.03,5207.0
2026-09-04 06:15:00,721.03,721.26,720.99,721.1721,3342.0
2026-09-04 06:20:00,721.1721,721.28,721.11,721.28,841.0
2026-09-04 06:25:00,721.28,721.28,721.1664,721.27,1162.0
2026-09-04 06:30:00,721.27,721.67,721.27,721.59,5735.0
2026-09-04 06:35:00,721.59,721.6,721.4046,721.6,6057.0
2026-09-04 06:40:00,721.6,721.65,721.36,721.61,2050.0
2026-09-04 06:45:00,721.61,721.6547,721.49,721.63,1903.0
2026-09-04 06:50:00,721.63,722.06,721.63,721.73,17293.0
2026-09-04 06:55:00,721.73,721.74,721.55,721.66,4421.0
2026-09-04 07:00:00,721.66,721.68,721.57,721.6,1768.0
2026-09-04 07:05:00,721.6,721.7,720.9,721.0,14534.0
2026-09-04 07:10:00,721.0,721.1626,720.98,721.0,5456.0
2026-09-04 07:15:00,721.0,721.16,720.9045,721.12,4023.0
2026-09-04 07:20:00,721.12,721.2392,721.05,721.05,14122.0
2026-09-04 07:25:00,721.05,721.2507,721.05,721.2007,5872.0
2026-09-04 07:30:00,721.2007,721.49,721.1493,721.1493,3932.0
2026-09-04 07:35:00,721.1493,721.4794,721.1493,721.4,4237.0
2026-09-04 07:40:00,721.39,721.46,721.35,721.36,22302.0
2026-09-04 07:45:00,721.31,721.43,721.29,721.35,15596.0
2026-09-04 07:50:00,721.35,721.53,721.29,721.48,16618.0
2026-09-04 07:55:00,721.5,721.661,721.486,721.6,4268.0
2026-09-04 08:00:00,721.6,721.81,721.55,721.65,23840.0
2026-09-04 08:05:00,721.65,721.67,721.0,721.15,11388.0
2026-09-04 08:10:00,721.15,721.22,720.3013,721.12,27931.0
2026-09-04 08:15:00,721.12,721.2,720.57,720.75,36262.0
2026-09-04 08:20:00,720.75,721.03,720.49,721.03,20859.0
2026-09-04 08:25:00,721.01,721.2602,721.0,721.26,23575.0
2026-09-04 08:30:00,721.26,721.75,721.0,721.6,79336.0
2026-09-04 08:35:00,721.6,721.74,718.0,718.4784,259837.0
2026-09-04 08:40:00,718.4784,719.0,718.25,718.58,85188.0
2026-09-04 08:45:00,718.58,719.29,718.58,718.7,53093.0
2026-09-04 08:50:00,718.7,718.7,717.25,717.7,120547.0
2026-09-04 08:55:00,717.7,718.29,717.61,717.9,56995.0
2026-09-04 09:00:00,717.9,718.45,717.7,718.35,29514.0
2026-09-04 09:05:00,718.35,718.4,717.72,718.15,45741.0
2026-09-04 09:10:00,718.15,718.6,718.0,718.0,35005.0
2026-09-04 09:15:00,718.0,718.42,717.93,718.36,21646.0
2026-09-04 09:20:00,718.36,718.73,718.36,718.73,29970.0
2026-09-04 09:25:00,718.72,719.2783,718.69,719.23,54532.0
2026-09-04 09:30:00,719.23,719.45,718.98,719.04,84539.0
2026-09-04 09:35:00,719.345,720.48,718.525,720.46,920476.0
2026-09-04 09:40:00,720.47,720.69,719.95,720.3482,498998.0
2026-09-04 09:45:00,720.32,720.71,719.5991,720.04,722691.0
2026-09-04 09:50:00,720.02,720.805,719.11,720.48,470962.0
2026-09-04 09:55:00,720.46,721.21,719.88,721.08,420155.0
2026-09-04 10:00:00,721.1,721.86,720.93,721.81,340433.0
2026-09-04 10:05:00,721.82,721.84,720.95,721.31,356734.0
2026-09-04 10:10:00,721.31,721.5,720.66,720.755,511081.0
2026-09-04 10:15:00,720.77,720.98,719.53,720.85,571962.0
2026-09-04 10:20:00,720.86,720.89,719.6905,719.705,418511.0
2026-09-04 10:25:00,719.72,719.96,719.19,719.59,672942.0
2026-09-04 10:30:00,719.57,719.74,718.845,719.6,756687.0
2026-09-04 10:35:00,719.6,719.64,718.6,718.72,514080.0
2026-09-04 10:40:00,718.69,719.4,718.69,719.375,392438.0
2026-09-04 10:45:00,719.33,719.36,718.0377,718.0716,413302.0
2026-09-04 10:50:00,718.07,718.33,717.51,717.5101,470953.0
2026-09-04 10:55:00,717.51,718.115,717.5,717.65,529874.0
2026-09-04 11:00:00,717.67,718.0,717.26,717.78,546088.0
2026-09-04 11:05:00,717.75,718.0,717.24,717.6699,398143.0
2026-09-04 11:10:00,717.65,718.0399,717.37,717.94,596819.0
2026-09-04 11:15:00,717.91,718.28,717.57,718.26,424668.0
2026-09-04 11:20:00,718.2595,718.32,717.16,717.34,448892.0
2026-09-04 11:25:00,717.33,717.56,716.93,717.35,516912.0
2026-09-04 11:30:00,717.35,717.59,717.2,717.44,370495.0
2026-09-04 11:35:00,717.45,717.53,716.78,717.07,318985.0
2026-09-04 11:40:00,717.0784,717.44,717.0401,717.33,164897.0
2026-09-04 11:45:00,717.335,717.87,717.24,717.77,342923.0
2026-09-04 11:50:00,717.77,717.8099,717.0,717.34,159481.0
2026-09-04 11:55:00,717.335,717.68,717.17,717.37,158722.0
2026-09-04 12:00:00,717.365,717.72,717.23,717.65,137610.0
2026-09-04 12:05:00,717.64,717.75,717.43,717.62,185692.0
2026-09-04 12:10:00,717.62,718.165,717.5,718.075,242352.0
2026-09-04 12:15:00,718.075,718.559,717.97,718.455,238226.0
2026-09-04 12:20:00,718.45,718.45,718.185,718.365,294839.0
2026-09-04 12:25:00,718.36,718.86,718.36,718.615,270105.0
2026-09-04 12:30:00,718.6,718.7599,718.43,718.61,282999.0
2026-09-04 12:35:00,718.6095,719.005,718.49,719.0,241295.0
2026-09-04 12:40:00,719.001,719.08,718.71,718.8,742377.0
2026-09-04 12:45:00,718.8,718.96,718.725,718.935,299212.0
2026-09-04 12:50:00,718.94,719.47,718.865,719.44,317938.0
2026-09-04 12:55:00,719.46,719.61,719.355,719.36,288124.0
2026-09-04 13:00:00,719.365,719.41,719.14,719.16,195473.0
2026-09-04 13:05:00,719.155,719.26,718.39,718.535,295902.0
2026-09-04 13:10:00,718.53,718.78,718.235,718.24,305342.0
2026-09-04 13:15:00,718.24,718.4084,718.06,718.13,240299.0
2026-09-04 13:20:00,718.14,718.35,717.95,718.06,324154.0
2026-09-04 13:25:00,718.06,718.16,717.73,717.74,402021.0
2026-09-04 13:30:00,717.76,717.935,717.42,717.505,311271.0
2026-09-04 13:35:00,717.505,717.51,716.98,717.169,451232.0
2026-09-04 13:40:00,717.15,717.33,717.06,717.195,344767.0
2026-09-04 13:45:00,717.19,717.21,716.7,716.805,340212.0
2026-09-04 13:50:00,716.795,717.1299,716.56,716.93,304498.0
2026-09-04 13:55:00,716.93,717.2,716.8602,716.965,314167.0
2026-09-04 14:00:00,716.96,717.266,716.85,717.12,154646.0
2026-09-04 14:05:00,717.11,717.2635,716.66,716.7497,365522.0
2026-09-04 14:10:00,716.75,717.09,716.64,717.09,335233.0
2026-09-04 14:15:00,717.06,717.25,716.99,717.03,188328.0
2026-09-04 14:20:00,717.04,717.469,716.96,717.43,235940.0
2026-09-04 14:25:00,717.44,717.67,717.35,717.48,326427.0
2026-09-04 14:30:00,717.49,717.6015,717.38,717.5629,499788.0
2026-09-04 14:35:00,717.57,717.7388,717.57,717.73,294738.0
2026-09-04 14:40:00,717.725,717.77,717.43,717.57,186607.0
2026-09-04 14:45:00,717.575,717.88,717.43,717.82,186824.0
2026-09-04 14:50:00,717.815,718.0,717.8,717.98,147592.0
2026-09-04 14:55:00,717.97,718.06,717.835,718.01,153368.0
2026-09-04 15:00:00,718.02,718.32,717.94,718.23,176483.0
2026-09-04 15:05:00,718.235,718.36,717.56,717.59,230896.0
2026-09-04 15:10:00,717.6,717.76,717.48,717.55,138694.0
2026-09-04 15:15:00,717.54,717.77,717.48,717.57,243665.0
2026-09-04 15:20:00,717.59,717.8299,717.575,717.68,120749.0
2026-09-04 15:25:00,717.68,717.89,717.65,717.87,102592.0
2026-09-04 15:30:00,717.88,718.0699,717.8325,717.95,148728.0
2026-09-04 15:35:00,717.95,718.29,717.79,718.255,221104.0
2026-09-04 15:40:00,718.245,718.46,717.97,718.15,287243.0
2026-09-04 15:45:00,718.13,718.33,718.05,718.31,264831.0
2026-09-04 15:50:00,718.299,718.585,718.28,718.56,939739.0
2026-09-04 15:55:00,718.58,719.21,718.58,719.17,879725.0
2026-09-04 16:00:00,719.18,719.445,718.79,718.96,2029553.0
2026-09-04 16:05:00,719.03,719.03,718.41,718.41,221514.0
2026-09-04 16:10:00,718.41,718.41,718.02,718.14,323423.0
2026-09-04 16:15:00,718.16,718.43,718.15,718.3146,448519.0
2026-09-04 16:20:00,718.3146,718.37,718.21,718.2638,14655.0
2026-09-04 16:25:00,718.2638,718.2638,718.05,718.09,20037.0
2026-09-04 16:30:00,718.1,718.12,718.04,718.06,30078.0
2026-09-04 16:35:00,718.04,718.04,717.69,717.76,27557.0
2026-09-04 16:40:00,717.76,718.31,717.73,717.89,101588.0
2026-09-04 16:45:00,717.89,718.06,717.89,718.0,25718.0
2026-09-04 16:50:00,718.0,718.055,717.94,717.96,13017.0
2026-09-04 16:55:00,717.96,718.02,717.93,717.99,70443.0
2026-09-04 17:00:00,717.99,718.0,717.83,717.9,21708.0
2026-09-04 17:05:00,717.9,718.1,717.9,718.05,207876.0
2026-09-04 17:10:00,718.05,718.05,717.9,717.9399,11796.0
2026-09-04 17:15:00,717.9399,718.1,717.92,718.06,13198.0
2026-09-04 17:20:00,718.06,718.1,718.02,718.1,5572.0
2026-09-04 17:25:00,718.1,718.13,718.0,718.1,18471.0
2026-09-04 17:30:00,718.1,718.21,717.9,718.11,19844.0
2026-09-04 17:35:00,718.01,718.04,717.98,718.04,1579.0
2026-09-04 17:40:00,718.04,718.04,717.75,717.76,7376.0
2026-09-04 17:45:00,717.76,717.98,717.76,717.9699,2136.0
2026-09-04 17:50:00,717.9699,717.97,717.8604,717.95,877.0
2026-09-04 17:55:00,717.95,717.95,717.91,717.95,1007.0
2026-09-04 18:00:00,717.95,718.14,717.95,718.1,1044.0
2026-09-04 18:05:00,718.1,718.1,717.9893,718.1,358.0
2026-09-04 18:10:00,718.1,718.1,717.9,717.9,2296.0
2026-09-04 18:15:00,717.9,717.94,717.81,717.94,1292.0
2026-09-04 18:20:00,717.94,717.96,717.94,717.96,409.0
2026-09-04 18:25:00,717.96,717.96,717.6,717.6,9213.0
2026-09-04 18:30:00,717.6,718.0,717.5,717.92,4069.0
2026-09-04 18:35:00,717.92,717.92,717.92,717.92,25.0
2026-09-04 18:40:00,717.92,717.97,717.92,717.97,423.0
2026-09-04 18:45:00,717.97,717.97,717.97,717.97,203.0
2026-09-04 18:50:00,717.97,718.01,717.89,717.9,4353.0
2026-09-04 18:55:00,717.9,717.9999,717.9,717.99,1275.0
2026-09-04 19:00:00,718.0,718.05,717.9718,718.03,2735.0
2026-09-04 19:05:00,718.03,718.03,717.97,717.97,553.0
2026-09-04 19:10:00,717.97,718.0,717.97,717.97,755.0
2026-09-04 19:15:00,717.97,717.98,717.9094,717.98,2105.0
2026-09-04 19:20:00,717.98,717.98,717.88,717.88,1843.0
2026-09-04 19:25:00,717.88,717.9,717.75,717.8786,11302.0
2026-09-04 19:30:00,717.8786,717.8786,717.66,717.66,2449.0
2026-09-04 19:35:00,717.66,717.66,717.5,717.5839,10258.0
2026-09-04 19:40:00,717.5839,717.6,717.5,717.58,2806.0
2026-09-04 19:45:00,717.58,717.6,717.5,717.6,6892.0
2026-09-04 19:50:00,717.6,717.72,717.6,717.65,3987.0
2026-09-04 19:55:00,717.65,717.65,717.51,717.52,9728.0
2026-09-04 20:00:00,717.52,717.54,717.4,717.5,11060.0
2026-09-08 04:05:00,718.96,719.16,717.0,717.0,317933.0
2026-09-08 04:10:00,717.0,718.19,717.0,717.2,18431.0
2026-09-08 04:15:00,717.25,717.67,716.9,717.67,15657.0
2026-09-08 04:20:00,717.7,718.1,717.67,717.86,16713.0
2026-09-08 04:25:00,717.78,717.78,717.39,717.71,9292.0
2026-09-08 04:30:00,717.69,718.0,717.4,717.55,4342.0
2026-09-08 04:35:00,717.55,717.9,717.22,717.9,4613.0
2026-09-08 04:40:00,717.9,717.91,717.25,717.45,4104.0
2026-09-08 04:45:00,717.45,717.59,717.33,717.43,4033.0
2026-09-08 04:50:00,717.43,718.16,717.18,717.46,8881.0
2026-09-08 04:55:00,717.46,717.64,717.18,717.4,1906.0
2026-09-08 05:00:00,717.4,717.4,717.265,717.3942,2051.0
2026-09-08 05:05:00,717.3942,717.7,717.06,717.58,3393.0
2026-09-08 05:10:00,717.58,718.07,717.58,718.03,9040.0
2026-09-08 05:15:00,718.03,718.49,718.03,718.48,6353.0
2026-09-08 05:20:00,718.48,718.51,718.15,718.29,8549.0
2026-09-08 05:25:00,718.29,718.29,718.16,718.22,1110.0
2026-09-08 05:30:00,718.22,718.58,718.22,718.58,4061.0
2026-09-08 05:35:00,718.47,718.98,718.47,718.93,5011.0
2026-09-08 05:40:00,718.93,719.2,718.84,719.2,11946.0
2026-09-08 05:45:00,719.18,719.32,718.92,719.0,8607.0
2026-09-08 05:50:00,719.0,719.41,719.0,719.41,8353.0
2026-09-08 05:55:00,719.44,719.605,719.37,719.41,5081.0
2026-09-08 06:00:00,719.41,719.7,719.41,719.7,5073.0
2026-09-08 06:05:00,719.7,719.75,719.49,719.54,5353.0
2026-09-08 06:10:00,719.54,719.58,719.4,719.4,2744.0
2026-09-08 06:15:00,719.37,719.44,719.15,719.16,902.0
2026-09-08 06:20:00,719.16,719.76,719.16,719.76,873.0
2026-09-08 06:25:00,719.76,720.96,719.76,719.95,37377.0
2026-09-08 06:30:00,720.0,720.03,719.9,719.95,2600.0
2026-09-08 06:35:00,719.95,719.95,719.42,719.53,4245.0
2026-09-08 06:40:00,719.53,719.73,719.52,719.67,3198.0
2026-09-08 06:45:00,719.7,719.7,719.5,719.63,2115.0
2026-09-08 06:50:00,719.63,719.63,719.0381,719.0381,3271.0
2026-09-08 06:55:00,719.0381,719.12,718.6,718.89,21883.0
2026-09-08 07:00:00,718.89,719.25,718.89,719.16,6568.0
2026-09-08 07:05:00,719.16,719.26,718.9101,719.09,16335.0
2026-09-08 07:10:00,719.09,719.22,718.31,718.84,17302.0
2026-09-08 07:15:00,718.84,718.84,718.27,718.43,9284.0
2026-09-08 07:20:00,718.53,719.18,718.53,719.16,19198.0
2026-09-08 07:25:00,719.16,719.23,718.72,719.01,7586.0
2026-09-08 07:30:00,719.01,719.09,718.82,718.82,14678.0
2026-09-08 07:35:00,718.82,719.18,718.8,719.17,12878.0
2026-09-08 07:40:00,719.17,719.17,718.85,718.86,14238.0
2026-09-08 07:45:00,718.86,718.87,718.54,718.54,11950.0
2026-09-08 07:50:00,718.58,718.68,718.36,718.53,13596.0
2026-09-08 07:55:00,718.53,719.12,718.53,719.07,12410.0
2026-09-08 08:00:00,719.07,719.85,719.07,719.84,32612.0
2026-09-08 08:05:00,719.84,719.84,719.21,719.35,29969.0
2026-09-08 08:10:00,719.35,719.51,719.2,719.5093,20899.0
2026-09-08 08:15:00,719.5093,719.5093,718.69,718.69,12676.0
2026-09-08 08:20:00,718.77,719.3592,718.6,719.28,10353.0
2026-09-08 08:25:00,719.29,719.47,719.13,719.35,11732.0
2026-09-08 08:30:00,719.35,719.67,719.35,719.64,17601.0
2026-09-08 08:35:00,719.64,720.42,719.6231,720.31,27813.0
2026-09-08 08:40:00,720.31,720.46,720.03,720.18,18752.0
2026-09-08 08:45:00,720.18,720.28,719.9833,720.12,28450.0
2026-09-08 08:50:00,720.12,720.4689,719.97,720.38,7604.0
2026-09-08 08:55:00,720.38,720.69,720.36,720.68,24613.0
2026-09-08 09:00:00,720.6813,721.1,720.57,721.07,16570.0
2026-09-08 09:05:00,721.07,721.15,720.67,720.94,24060.0
2026-09-08 09:10:00,720.94,721.1593,720.81,720.87,16127.0
2026-09-08 09:15:00,720.87,721.2723,720.86,721.24,25127.0
2026-09-08 09:20:00,721.23,721.4,721.09,721.4,13589.0
2026-09-08 09:25:00,721.4,721.47,721.15,721.18,23680.0
2026-09-08 09:30:00,721.18,721.32,720.67,720.99,63072.0
2026-09-08 09:35:00,720.909,721.886,719.15,719.84,870917.0
2026-09-08 09:40:00,719.85,720.09,718.89,719.04,546616.0
2026-09-08 09:45:00,719.01,719.13,716.56,716.72,852438.0
2026-09-08 09:50:00,716.74,718.0,716.64,717.99,481467.0
2026-09-08 09:55:00,718.0,718.0,716.28,717.36,418359.0
2026-09-08 10:00:00,717.37,718.29,717.11,717.47,423431.0
2026-09-08 10:05:00,717.47,717.695,715.87,716.97,584222.0
2026-09-08 10:10:00,717.01,717.16,716.25,716.29,304781.0
2026-09-08 10:15:00,716.24,716.9,715.57,716.505,301720.0
2026-09-08 10:20:00,716.5,717.23,716.39,716.92,252797.0
2026-09-08 10:25:00,716.9399,717.94,716.81,717.9101,314703.0
2026-09-08 10:30:00,717.88,717.91,717.03,717.76,244299.0
2026-09-08 10:35:00,717.79,717.985,717.15,717.95,200893.0
2026-09-08 10:40:00,717.94,717.99,717.35,717.6,133175.0
2026-09-08 10:45:00,717.5851,718.33,717.505,718.15,277900.0
2026-09-08 10:50:00,718.16,718.215,717.7,718.05,222550.0
2026-09-08 10:55:00,718.07,718.66,717.98,718.625,354973.0
2026-09-08 11:00:00,718.63,718.94,718.39,718.94,272699.0
2026-09-08 11:05:00,718.95,719.04,718.63,718.813,242418.0
2026-09-08 11:10:00,718.82,719.05,718.555,718.74,370133.0
2026-09-08 11:15:00,718.82,720.08,718.79,719.915,304596.0
2026-09-08 11:20:00,719.92,720.45,719.7,720.32,673233.0
2026-09-08 11:25:00,720.3,720.32,719.4,720.2899,281640.0
2026-09-08 11:30:00,720.28,720.74,720.01,720.085,468881.0
2026-09-08 11:35:00,720.075,720.36,719.89,720.113,210405.0
2026-09-08 11:40:00,720.11,720.15,719.76,720.13,386641.0
2026-09-08 11:45:00,720.14,720.93,720.03,720.85,230108.0
2026-09-08 11:50:00,720.89,720.91,720.04,720.18,328023.0
2026-09-08 11:55:00,720.19,720.53,720.07,720.205,333916.0
2026-09-08 12:00:00,720.18,720.36,719.865,719.97,456724.0
2026-09-08 12:05:00,719.99,720.28,719.8,720.28,244132.0
2026-09-08 12:10:00,720.28,720.4,719.6212,719.64,193291.0
2026-09-08 12:15:00,719.63,719.73,719.32,719.6,244433.0
2026-09-08 12:20:00,719.59,719.6,719.13,719.13,179365.0
2026-09-08 12:25:00,719.14,719.67,718.97,719.6672,269462.0
2026-09-08 12:30:00,719.65,719.96,719.06,719.075,266099.0
2026-09-08 12:35:00,719.1,719.47,718.95,719.28,454817.0
2026-09-08 12:40:00,719.28,719.46,719.13,719.26,169730.0
2026-09-08 12:45:00,719.28,719.49,719.1,719.27,220644.0
2026-09-08 12:50:00,719.28,719.7669,719.15,719.63,138419.0
2026-09-08 12:55:00,719.63,720.08,719.465,719.75,313127.0
2026-09-08 13:00:00,719.77,719.84,718.67,719.23,349408.0
2026-09-08 13:05:00,719.24,720.59,719.22,720.58,345526.0
2026-09-08 13:10:00,720.6,720.855,720.28,720.395,203808.0
2026-09-08 13:15:00,720.39,720.665,720.35,720.56,150974.0
2026-09-08 13:20:00,720.56,720.68,720.39,720.52,261816.0
2026-09-08 13:25:00,720.53,720.58,720.18,720.43,236331.0
2026-09-08 13:30:00,720.43,720.47,720.04,720.26,103431.0
2026-09-08 13:35:00,720.28,720.67,720.25,720.54,141668.0
2026-09-08 13:40:00,720.555,720.65,720.38,720.38,110632.0
2026-09-08 13:45:00,720.39,720.39,719.84,719.88,163941.0
2026-09-08 13:50:00,719.89,720.1655,719.8872,720.0321,214327.0
2026-09-08 13:55:00,720.03,720.19,719.79,720.08,152063.0
2026-09-08 14:00:00,720.08,720.08,719.64,719.66,211568.0
2026-09-08 14:05:00,719.67,719.8697,719.57,719.83,222026.0
2026-09-08 14:10:00,719.85,720.15,719.7904,720.03,154516.0
2026-09-08 14:15:00,720.04,720.2,719.91,720.01,119567.0
2026-09-08 14:20:00,720.03,720.24,719.98,720.13,97578.0
2026-09-08 14:25:00,720.115,720.22,719.66,719.69,98623.0
2026-09-08 14:30:00,719.67,719.87,719.62,719.81,115389.0
2026-09-08 14:35:00,719.84,719.88,719.67,719.68,698210.0
2026-09-08 14:40:00,719.67,719.79,719.38,719.5,137428.0
2026-09-08 14:45:00,719.49,719.95,719.36,719.93,89877.0
2026-09-08 14:50:00,719.93,720.13,717.91,718.5,494238.0
2026-09-08 14:55:00,718.52,719.37,718.32,719.28,315746.0
2026-09-08 15:00:00,719.26,719.52,719.1464,719.29,164678.0
2026-09-08 15:05:00,719.315,719.55,718.91,719.14,180082.0
2026-09-08 15:10:00,719.135,719.48,719.0501,719.075,216156.0
2026-09-08 15:15:00,719.07,719.36,719.04,719.23,121627.0
2026-09-08 15:20:00,719.22,719.33,718.87,718.8915,115488.0
2026-09-08 15:25:00,718.89,719.12,718.5501,718.62,135485.0
2026-09-08 15:30:00,718.65,719.079,718.51,718.965,152776.0
2026-09-08 15:35:00,718.965,719.01,718.56,718.93,162877.0
2026-09-08 15:40:00,718.93,718.96,718.62,718.73,185205.0
2026-09-08 15:45:00,718.75,718.87,718.44,718.57,231126.0
2026-09-08 15:50:00,718.58,718.69,717.99,718.47,332994.0
2026-09-08 15:55:00,718.5,718.62,717.25,717.52,864032.0
2026-09-08 16:00:00,717.56,718.54,717.39,718.36,3067223.0
2026-09-08 16:05:00,718.36,718.59,717.59,717.84,195403.0
2026-09-08 16:10:00,717.8185,717.97,717.53,717.87,197187.0
2026-09-08 16:15:00,717.87,718.07,717.87,718.0,569686.0
2026-09-08 16:20:00,718.0,718.1,717.77,717.881,49701.0
2026-09-08 16:25:00,717.881,718.04,717.881,717.96,149017.0
2026-09-08 16:30:00,717.96,718.07,717.57,717.57,34634.0
2026-09-08 16:35:00,717.57,717.67,717.5,717.67,27601.0
2026-09-08 16:40:00,717.67,717.84,717.67,717.76,12331.0
2026-09-08 16:45:00,717.76,717.97,717.75,717.87,51550.0
2026-09-08 16:50:00,717.92,717.999,717.89,717.93,8377.0
2026-09-08 16:55:00,717.93,718.06,717.92,718.01,23953.0
2026-09-08 17:00:00,718.02,718.06,717.9801,717.9801,4831.0
2026-09-08 17:05:00,717.9801,718.29,717.9801,718.04,291176.0
2026-09-08 17:10:00,718.04,718.0983,718.0,718.04,5428.0
2026-09-08 17:15:00,718.03,718.04,717.98,718.04,13644.0
2026-09-08 17:20:00,718.04,718.04,718.0,718.01,3508.0
2026-09-08 17:25:00,718.01,718.2,717.98,718.01,7956.0
2026-09-08 17:30:00,718.01,718.01,717.98,718.0,894.0
2026-09-08 17:35:00,718.0,718.0,717.99,718.0,1092.0
2026-09-08 17:40:00,718.0,718.16,717.95,717.95,217149.0
2026-09-08 17:45:00,717.95,718.14,717.95,718.14,927.0
2026-09-08 17:50:00,718.14,718.14,718.07,718.13,474.0
2026-09-08 17:55:00,718.13,718.14,718.08,718.11,1172.0
2026-09-08 18:00:00,718.11,718.11,718.05,718.09,465.0
2026-09-08 18:05:00,718.09,718.3085,717.46,718.091,49617.0
2026-09-08 18:10:00,718.091,718.19,717.9999,718.1,1994.0
2026-09-08 18:15:00,718.04,718.04,717.9,717.93,3830.0
2026-09-08 18:20:00,717.9,718.03,717.83,717.93,4403.0
2026-09-08 18:25:00,717.93,717.98,717.61,717.83,7203.0
2026-09-08 18:30:00,717.83,718.0292,717.83,717.93,5537.0
2026-09-08 18:35:00,717.93,717.97,717.88,717.93,8440.0
2026-09-08 18:40:00,717.92,718.01,717.92,717.98,15188.0
2026-09-08 18:45:00,718.0,718.14,718.0,718.1,10762.0
2026-09-08 18:50:00,718.1,718.21,718.1,718.21,9515.0
2026-09-08 18:55:00,718.21,718.28,718.15,718.201,1402.0
2026-09-08 19:00:00,718.201,718.52,718.201,718.49,3821.0
2026-09-08 19:05:00,718.45,718.5,718.29,718.32,1701.0
2026-09-08 19:10:00,718.32,718.33,718.25,718.25,1313.0
2026-09-08 19:15:00,718.25,718.2579,718.15,718.18,1981.0
2026-09-08 19:20:00,718.18,718.18,717.94,718.01,10484.0
2026-09-08 19:25:00,717.97,718.04,717.96,718.0,1411.0
2026-09-08 19:30:00,718.0,718.0,717.74,717.76,6800.0
2026-09-08 19:35:00,717.76,717.86,717.74,717.77,1862.0
2026-09-08 19:40:00,717.77,717.77,717.52,717.6005,5084.0
2026-09-08 19:45:00,717.6005,717.68,717.589,717.6107,2973.0
2026-09-08 19:50:00,717.6107,717.69,717.37,717.43,4490.0
2026-09-08 19:55:00,717.43,717.5092,717.22,717.22,5684.0
2026-09-08 20:00:00,717.21,717.4,717.21,717.38,3562.0
2026-09-09 04:05:00,718.36,719.91,718.36,719.79,21169.0
2026-09-09 04:10:00,719.8312,720.0787,719.5717,719.64,5001.0
2026-09-09 04:15:00,719.7182,719.88,719.47,719.47,865.0
2026-09-09 04:20:00,719.47,719.695,719.4685,719.6223,2536.0
2026-09-09 04:25:00,719.61,719.6117,719.1485,719.1485,1153.0
2026-09-09 04:30:00,719.21,719.7,719.08,719.6685,1038.0
2026-09-09 04:35:00,719.51,719.68,719.36,719.36,261.0
2026-09-09 04:40:00,719.3487,719.3487,718.72,718.72,6946.0
2026-09-09 04:45:00,718.72,719.09,718.5,718.5,5270.0
2026-09-09 04:50:00,718.5,718.72,718.43,718.59,4042.0
2026-09-09 04:55:00,718.67,719.13,718.67,719.1182,3074.0
2026-09-09 05:00:00,719.06,719.1215,718.9468,719.01,293.0
2026-09-09 05:05:00,719.0582,719.27,718.76,718.9,6224.0
2026-09-09 05:10:00,718.9785,718.9785,718.43,718.43,4887.0
2026-09-09 05:15:00,718.4,718.7607,718.28,718.6657,548.0
2026-09-09 05:20:00,718.7206,718.7206,718.53,718.56,124.0
2026-09-09 05:25:00,718.4786,718.5327,717.85,717.9582,10626.0
2026-09-09 05:30:00,717.98,718.1745,717.9,718.16,4684.0
2026-09-09 05:35:00,718.15,718.38,717.5,717.5,4706.0
2026-09-09 05:40:00,717.5,717.5037,717.18,717.29,13935.0
2026-09-09 05:45:00,717.22,717.32,716.8,716.9,15692.0
2026-09-09 05:50:00,716.8438,717.1,716.42,716.48,5926.0
2026-09-09 05:55:00,716.55,716.64,715.48,715.5142,10448.0
2026-09-09 06:00:00,715.51,715.59,714.8,715.0886,25668.0
2026-09-09 06:05:00,715.1185,715.41,714.405,715.3164,8962.0
2026-09-09 06:10:00,715.4,715.6,714.8,714.8,13716.0
2026-09-09 06:15:00,714.81,715.3411,714.74,714.985,10552.0
2026-09-09 06:20:00,714.96,715.56,714.66,715.55,8332.0
2026-09-09 06:25:00,715.6,715.84,715.2787,715.4285,11262.0
2026-09-09 06:30:00,715.37,715.5,715.2,715.5,2932.0
2026-09-09 06:35:00,715.5,715.74,715.38,715.5587,2546.0
2026-09-09 06:40:00,715.57,715.8,715.48,715.48,2547.0
2026-09-09 06:45:00,715.5,715.57,715.0,715.0,7258.0
2026-09-09 06:50:00,715.0,715.05,714.6,715.015,4741.0
2026-09-09 06:55:00,714.93,714.98,714.365,714.83,7138.0
2026-09-09 07:00:00,714.8,715.1181,714.68,714.88,15765.0
2026-09-09 07:05:00,714.83,715.13,714.56,715.01,7994.0
2026-09-09 07:10:00,715.01,715.416,714.7687,715.416,7289.0
2026-09-09 07:15:00,715.38,715.76,715.2,715.2487,4395.0
2026-09-09 07:20:00,715.23,715.2976,714.55,714.8883,4661.0
2026-09-09 07:25:00,714.865,715.7,714.6,715.6393,12130.0
2026-09-09 07:30:00,715.6393,715.8,715.4,715.5,6876.0
2026-09-09 07:35:00,715.43,715.5,714.89,714.89,3999.0
2026-09-09 07:40:00,714.91,715.05,714.76,715.05,6575.0
2026-09-09 07:45:00,715.09,715.1238,714.51,714.52,10018.0
2026-09-09 07:50:00,714.5596,716.0,714.51,715.9,26195.0
2026-09-09 07:55:00,715.85,716.27,715.41,715.57,20161.0
2026-09-09 08:00:00,715.43,715.43,714.84,715.02,9446.0
2026-09-09 08:05:00,715.02,715.08,714.3097,714.37,20209.0
2026-09-09 08:10:00,714.42,714.56,714.08,714.26,28195.0
2026-09-09 08:15:00,714.2368,714.24,713.52,713.5389,32391.0
2026-09-09 08:20:00,713.63,713.899,713.45,713.7,27567.0
2026-09-09 08:25:00,713.73,714.2399,713.7132,714.0607,11562.0
2026-09-09 08:30:00,714.0433,714.22,713.9299,713.9299,5034.0
2026-09-09 08:35:00,713.91,714.571,713.71,714.5323,8325.0
2026-09-09 08:40:00,714.48,714.65,714.4,714.6051,10351.0
2026-09-09 08:45:00,714.57,714.6724,714.3491,714.6475,2561.0
2026-09-09 08:50:00,714.5997,715.0933,714.5997,715.06,11924.0
2026-09-09 08:55:00,715.06,715.12,714.67,714.67,62213.0
2026-09-09 09:00:00,714.7907,715.03,714.68,714.8831,2869.0
2026-09-09 09:05:00,714.7495,715.24,714.695,715.1,6643.0
2026-09-09 09:10:00,715.1,715.1725,714.95,715.0428,8299.0
2026-09-09 09:15:00,715.0,715.2282,714.94,715.1485,8852.0
2026-09-09 09:20:00,715.12,715.45,715.03,715.4279,7754.0
2026-09-09 09:25:00,715.4394,715.5107,715.31,715.4,10634.0
2026-09-09 09:30:00,715.52,716.5,715.52,716.3,28865.0
2026-09-09 09:35:00,716.4,717.4074,715.49,716.9548,472553.0
2026-09-09 09:40:00,716.91,717.4399,716.68,717.08,238601.0
2026-09-09 09:45:00,717.08,717.54,716.551,716.96,281418.0
2026-09-09 09:50:00,716.99,717.79,716.41,717.45,302850.0
2026-09-09 09:55:00,717.45,718.0,717.08,717.9,222382.0
2026-09-09 10:00:00,717.89,719.06,717.8,718.88,288161.0
2026-09-09 10:05:00,718.87,719.5494,718.2062,719.335,257984.0
2026-09-09 10:10:00,719.33,719.7,718.92,719.19,240991.0
2026-09-09 10:15:00,719.19,719.38,718.51,718.945,158190.0
2026-09-09 10:20:00,718.88,718.92,717.1959,717.42,309135.0
2026-09-09 10:25:00,717.43,717.66,716.51,716.5275,294017.0
2026-09-09 10:30:00,716.525,718.37,716.49,718.29,263759.0
2026-09-09 10:35:00,718.28,718.32,717.47,717.84,117005.0
2026-09-09 10:40:00,717.9,718.18,717.33,718.0381,160479.0
2026-09-09 10:45:00,717.99,718.5196,717.74,718.4,126985.0
2026-09-09 10:50:00,718.35,718.46,717.94,718.39,96448.0
2026-09-09 10:55:00,718.435,718.46,717.57,717.62,119767.0
2026-09-09 11:00:00,717.61,718.3796,717.58,718.17,112342.0
2026-09-09 11:05:00,718.1851,718.93,717.05,717.31,311444.0
2026-09-09 11:10:00,717.27,717.59,715.88,716.005,214870.0
2026-09-09 11:15:00,716.045,716.175,714.7329,715.015,269906.0
2026-09-09 11:20:00,715.01,716.27,714.84,716.09,270833.0
2026-09-09 11:25:00,716.09,716.36,714.02,714.16,304994.0
2026-09-09 11:30:00,714.155,714.8879,714.07,714.8,214290.0
2026-09-09 11:35:00,714.82,715.8557,714.75,715.7386,180370.0
2026-09-09 11:40:00,715.84,716.83,715.16,716.68,232141.0
2026-09-09 11:45:00,716.71,716.98,715.45,715.97,163406.0
2026-09-09 11:50:00,715.95,716.06,715.65,715.91,73481.0
2026-09-09 11:55:00,715.93,716.63,715.93,716.62,143766.0
2026-09-09 12:00:00,716.5971,716.5971,715.69,716.19,308284.0
2026-09-09 12:05:00,716.1911,716.43,716.037,716.39,91304.0
2026-09-09 12:10:00,716.39,716.51,715.37,715.385,148143.0
2026-09-09 12:15:00,715.385,715.88,715.3,715.37,102481.0
2026-09-09 12:20:00,715.38,715.41,714.99,715.11,103911.0
2026-09-09 12:25:00,715.1,715.35,714.9114,715.33,118239.0
2026-09-09 12:30:00,715.34,715.4199,714.71,714.96,124606.0
2026-09-09 12:35:00,715.01,715.89,714.98,715.765,133997.0
2026-09-09 12:40:00,715.76,716.07,715.575,716.0463,93003.0
2026-09-09 12:45:00,716.055,716.33,715.9,716.33,83745.0
2026-09-09 12:50:00,716.36,716.51,716.02,716.32,73253.0
2026-09-09 12:55:00,716.321,716.87,716.321,716.51,137331.0
2026-09-09 13:00:00,716.53,716.71,716.34,716.41,83799.0
2026-09-09 13:05:00,716.4,716.95,716.16,716.18,154225.0
2026-09-09 13:10:00,716.21,716.65,716.21,716.41,63356.0
2026-09-09 13:15:00,716.4,716.96,716.3,716.89,72870.0
2026-09-09 13:20:00,716.89,717.05,716.5,716.5,66408.0
2026-09-09 13:25:00,716.51,716.7,716.36,716.7,68328.0
2026-09-09 13:30:00,716.73,716.73,716.24,716.24,50069.0
2026-09-09 13:35:00,716.26,716.52,716.041,716.3,72557.0
2026-09-09 13:40:00,716.255,716.3999,715.7275,715.79,67234.0
2026-09-09 13:45:00,715.82,716.41,715.81,716.37,76279.0
2026-09-09 13:50:00,716.4,716.797,716.37,716.715,73343.0
2026-09-09 13:55:00,716.73,717.03,716.54,716.95,79461.0
2026-09-09 14:00:00,716.96,717.04,716.68,716.7,80198.0
2026-09-09 14:05:00,716.69,716.77,716.59,716.66,59240.0
2026-09-09 14:10:00,716.66,716.67,716.28,716.345,64371.0
2026-09-09 14:15:00,716.35,716.4099,716.0439,716.0439,84671.0
2026-09-09 14:20:00,716.01,716.255,715.93,716.0903,80652.0
2026-09-09 14:25:00,716.1,716.48,716.075,716.445,60129.0
2026-09-09 14:30:00,716.4451,716.5202,716.15,716.3,65808.0
2026-09-09 14:35:00,716.3122,716.4898,716.14,716.335,45308.0
2026-09-09 14:40:00,716.32,716.5295,716.3,716.4701,21024.0
2026-09-09 14:45:00,716.48,716.69,716.48,716.63,310574.0
2026-09-09 14:50:00,716.6225,716.695,716.41,716.4685,70201.0
2026-09-09 14:55:00,716.47,716.8,716.45,716.71,62758.0
2026-09-09 15:00:00,716.73,716.8,716.14,716.15,66876.0
2026-09-09 15:05:00,716.16,716.28,715.76,715.87,140657.0
2026-09-09 15:10:00,715.88,716.34,715.8386,716.26,86763.0
2026-09-09 15:15:00,716.275,716.34,716.16,716.225,270565.0
2026-09-09 15:20:00,716.225,716.72,716.211,716.64,70793.0
2026-09-09 15:25:00,716.66,716.745,716.44,716.5886,257694.0
2026-09-09 15:30:00,716.595,716.68,716.265,716.2761,54169.0
2026-09-09 15:35:00,716.28,716.39,716.14,716.23,83995.0
2026-09-09 15:40:00,716.235,716.28,715.98,716.05,94222.0
2026-09-09 15:45:00,716.02,716.15,715.91,716.13,159892.0
2026-09-09 15:50:00,716.13,716.25,715.94,716.19,282702.0
2026-09-09 15:55:00,716.15,716.23,715.78,715.995,256925.0
2026-09-09 16:00:00,716.01,716.37,715.53,716.31,831552.0
2026-09-09 16:05:00,716.32,716.39,715.75,715.95,45018.0
2026-09-09 16:10:00,715.9645,716.23,715.95,716.1819,11929.0
2026-09-09 16:15:00,716.1992,716.3269,716.119,716.25,296976.0
2026-09-09 16:20:00,716.27,716.29,716.18,716.25,8781.0
2026-09-09 16:25:00,716.2842,716.3,716.2145,716.2923,292664.0
2026-09-09 16:30:00,716.2987,716.31,716.1912,716.21,12119.0
2026-09-09 16:35:00,716.23,716.2992,716.176,716.2992,2663.0
2026-09-09 16:40:00,716.32,716.4,716.31,716.3786,4817.0
2026-09-09 16:45:00,716.3723,716.42,716.28,716.3,15785.0
2026-09-09 16:50:00,716.34,716.36,716.3169,716.36,10439.0
2026-09-09 16:55:00,716.3173,716.32,716.1907,716.2992,5211.0
2026-09-09 17:00:00,716.3,716.3622,716.27,716.3622,4278.0
2026-09-09 17:05:00,716.357,716.44,716.2,716.311,6675.0
2026-09-09 17:10:00,716.31,716.35,716.0,716.2,46520.0
2026-09-09 17:15:00,715.98,716.21,715.94,716.0495,5727.0
2026-09-09 17:20:00,716.0482,716.05,716.03,716.031,643.0
2026-09-09 17:25:00,716.04,716.05,716.0013,716.049,1702.0
2026-09-09 17:30:00,716.03,716.2099,715.95,715.95,1492.0
2026-09-09 17:35:00,716.0,716.12,715.98,716.01,173.0
2026-09-09 17:40:00,716.01,716.1157,715.95,716.02,462.0
2026-09-09 17:45:00,716.0952,716.12,715.9609,716.12,7008.0
2026-09-09 17:50:00,715.9907,716.12,715.75,715.98,11112.0
2026-09-09 17:55:00,715.98,716.11,715.92,716.08,4017.0
2026-09-09 18:00:00,715.98,716.1181,715.96,715.9721,3650.0
2026-09-09 18:05:00,716.0,716.711,715.88,715.88,51975.0
2026-09-09 18:10:00,715.85,715.92,715.5985,715.8697,17982.0
2026-09-09 18:15:00,715.831,715.9453,715.6281,715.6281,542.0
2026-09-09 18:20:00,715.6756,715.7,715.5733,715.63,3406.0
2026-09-09 18:25:00,715.61,715.77,715.6014,715.6823,1990.0
2026-09-09 18:30:00,715.7,715.751,715.64,715.6914,3368.0
2026-09-09 18:35:00,715.7114,715.85,715.6987,715.7823,771.0
2026-09-09 18:40:00,715.78,715.85,715.769,715.7914,432.0
2026-09-09 18:45:00,715.8423,715.8487,715.78,715.7881,402.0
