code,name,time_key,open,close,high,low,pe_ratio,turnover_rate,volume,turnover,change_rate,last_close
US.SGOV,iShares 0-3 Month Treasury Bond ETF,2025-08-06,100.43,100.43,100.43,100.42,0.0,0.02015,10653896.0,1069943667.0,0.009958175662223775,100.42
US.SGOV,iShares 0-3 Month Treasury Bond ETF,2025-08-07,100.44,100.43,100.44,100.43,0.0,0.02021,10823043.0,1087034670.0,0.0,100.43
US.SGOV,iShares 0-3 Month Treasury Bond ETF,2025-08-08,100.475,100.48,100.48,100.47,0.0,0.02246,12066256.0,1212365523.0,0.04978592054166798,100.43
US.SGOV,iShares 0-3 Month Treasury Bond ETF,2025-08-11,100.49,100.49,100.49,100.48,0.0,0.02394,12940323.0,1300332164.0,0.009952229299354007,100.48
US.SGOV,iShares 0-3 Month Treasury Bond ETF,2025-08-12,100.5,100.49,100.5,100.49,0.0,0.02415,13082890.0,1314783708.0,0.0,100.49
US.SGOV,iShares 0-3 Month Treasury Bond ETF,2025-08-13,100.51,100.51,100.52,100.5,0.0,0.02242,12144760.0,1220674912.0,0.019902477858503565,100.49
US.SGOV,iShares 0-3 Month Treasury Bond ETF,2025-08-14,100.52,100.52,100.53,100.52,0.0,0.01806,9798909.0,985048597.0,0.009949258780211825,100.51
US.SGOV,iShares 0-3 Month Treasury Bond ETF,2025-08-15,100.56,100.55,100.56,100.55,0.0,0.0174,9493913.0,954682490.0,0.02984480700358251,100.52
US.SGOV,iShares 0-3 Month Treasury Bond ETF,2025-08-18,100.57,100.58,100.58,100.56,0.0,0.02706,14768501.0,1485255917.0,0.029835902536052845,100.55
US.SGOV,iShares 0-3 Month Treasury Bond ETF,2025-08-19,100.59,100.58,100.59,100.58,0.0,0.01912,10474910.0,1053619148.0,0.0,100.58
US.SGOV,iShares 0-3 Month Treasury Bond ETF,2025-08-20,100.6,100.6,100.6,100.59,0.0,0.01976,10922074.0,1098711304.0,0.019884668920258523,100.58
US.SGOV,iShares 0-3 Month Treasury Bond ETF,2025-08-21,100.61,100.6,100.61,100.6,0.0,0.01582,8765277.0,881840982.0,0.0,100.6
US.SGOV,iShares 0-3 Month Treasury Bond ETF,2025-08-22,100.64,100.64,100.64,100.63,0.0,0.02366,13160407.0,1324420442.0,0.039761431411537033,100.6
US.SGOV,iShares 0-3 Month Treasury Bond ETF,2025-08-25,100.655,100.66,100.66,100.65,0.0,0.02435,13555951.0,1364442775.0,0.019872813990457094,100.64
US.SGOV,iShares 0-3 Month Treasury Bond ETF,2025-08-26,100.665,100.66,100.67,100.66,0.0,0.01568,8741589.0,879960734.0,0.0,100.66
US.SGOV,iShares 0-3 Month Treasury Bond ETF,2025-08-27,100.68,100.67,100.68,100.67,0.0,0.01325,7384602.0,743442368.0,0.009934432743895405,100.66
US.SGOV,iShares 0-3 Month Treasury Bond ETF,2025-08-28,100.685,100.68,100.69,100.68,0.0,0.01582,8816581.0,887700195.0,0.009933445912392088,100.67
US.SGOV,iShares 0-3 Month Treasury Bond ETF,2025-08-29,100.72,100.74,100.74,100.72,0.0,0.03842,21369382.0,2152459410.0,0.059594755661489925,100.68
US.SGOV,iShares 0-3 Month Treasury Bond ETF,2025-09-02,100.39,100.39,100.39,100.38,0.0,0.049,27254500.0,2736001740.0,-0.34742902521341507,100.74
US.SGOV,iShares 0-3 Month Treasury Bond ETF,2025-09-03,100.395,100.4,100.4,100.39,0.0,0.02603,14296020.0,1435287625.0,0.00996115150911955,100.39
US.SGOV,iShares 0-3 Month Treasury Bond ETF,2025-09-04,100.415,100.42,100.42,100.41,0.0,0.01998,11300205.0,1134710161.0,0.019920318725095636,100.4
US.SGOV,iShares 0-3 Month Treasury Bond ETF,2025-09-05,100.45,100.44,100.45,100.44,0.0,0.0269,15311959.0,1538041072.0,0.0199163513244334,100.42
US.SGOV,iShares 0-3 Month Treasury Bond ETF,2025-09-08,100.465,100.47,100.47,100.46,0.0,0.0223,12715060.0,1277400177.0,0.02986857825567616,100.44
US.SGOV,iShares 0-3 Month Treasury Bond ETF,2025-09-09,100.48,100.47,100.48,100.47,0.0,0.01927,11005482.0,1105773540.0,0.0,100.47
US.SGOV,iShares 0-3 Month Treasury Bond ETF,2025-09-10,100.48,100.48,100.49,100.48,0.0,0.01639,9356560.0,940186775.0,0.009953219866631946,100.47
US.SGOV,iShares 0-3 Month Treasury Bond ETF,2025-09-11,100.495,100.5,100.5,100.49,0.0,0.01594,9136578.0,918181668.0,0.01990445859872215,100.48
US.SGOV,iShares 0-3 Month Treasury Bond ETF,2025-09-12,100.53,100.53,100.54,100.53,0.0,0.01832,10482015.0,1053796342.0,0.02985074626865785,100.5
US.SGOV,iShares 0-3 Month Treasury Bond ETF,2025-09-15,100.53,100.53,100.54,100.53,0.0,0.02666,15288263.0,1537025539.0,0.0,100.53
US.SGOV,iShares 0-3 Month Treasury Bond ETF,2025-09-16,100.55,100.55,100.56,100.55,0.0,0.02014,11551921.0,1161581223.0,0.019894558838153806,100.53
US.SGOV,iShares 0-3 Month Treasury Bond ETF,2025-09-17,100.57,100.56,100.57,100.56,0.0,0.0181,10381170.0,1043989262.0,0.009945300845355661,100.55
US.SGOV,iShares 0-3 Month Treasury Bond ETF,2025-09-18,100.58,100.58,100.58,100.57,0.0,0.02334,13414464.0,1349180298.0,0.019888623707235504,100.56
US.SGOV,iShares 0-3 Month Treasury Bond ETF,2025-09-19,100.61,100.62,100.62,100.61,0.0,0.0195,11174043.0,1124275493.0,0.039769337840531174,100.58
US.SGOV,iShares 0-3 Month Treasury Bond ETF,2025-09-22,100.62,100.62,100.63,100.62,0.0,0.02138,12279489.0,1235606056.0,0.0,100.62
US.SGOV,iShares 0-3 Month Treasury Bond ETF,2025-09-23,100.635,100.64,100.64,100.63,0.0,0.01949,11191733.0,1126271386.0,0.01987676406280662,100.62
US.SGOV,iShares 0-3 Month Treasury Bond ETF,2025-09-24,100.645,100.65,100.65,100.64,0.0,0.01759,10108514.0,1017373715.0,0.009936406995235608,100.64
US.SGOV,iShares 0-3 Month Treasury Bond ETF,2025-09-25,100.65,100.66,100.66,100.65,0.0,0.01836,10549077.0,1061814487.0,0.009935419771476309,100.65
US.SGOV,iShares 0-3 Month Treasury Bond ETF,2025-09-26,100.68,100.69,100.69,100.68,0.0,0.01856,10688563.0,1076180022.0,0.0298032982316721,100.66
US.SGOV,iShares 0-3 Month Treasury Bond ETF,2025-09-29,100.7,100.7,100.7,100.69,0.0,0.02358,13580791.0,1367525452.0,0.009931472837426871,100.69
US.SGOV,iShares 0-3 Month Treasury Bond ETF,2025-09-30,100.705,100.7,100.71,100.7,0.0,0.03978,22909483.0,2307072971.0,0.0,100.7
US.SGOV,iShares 0-3 Month Treasury Bond ETF,2025-10-01,100.38,100.37,100.38,100.37,0.0,0.04625,26613614.0,2671381482.0,-0.32770605759682053,100.7
US.SGOV,iShares 0-3 Month Treasury Bond ETF,2025-10-02,100.39,100.38,100.39,100.38,0.0,0.02269,12870108.0,1291986624.0,0.009963136395328191,100.37
US.SGOV,iShares 0-3 Month Treasury Bond ETF,2025-10-03,100.42,100.42,100.42,100.41,0.0,0.02386,13837390.0,1389512284.0,0.0398485754134352,100.38
US.SGOV,iShares 0-3 Month Treasury Bond ETF,2025-10-06,100.43,100.42,100.43,100.42,0.0,0.02405,13944331.0,1400386006.0,0.0,100.42
US.SGOV,iShares 0-3 Month Treasury Bond ETF,2025-10-07,100.44,100.44,100.44,100.43,0.0,0.02452,14289065.0,1435146827.0,0.0199163513244334,100.42
US.SGOV,iShares 0-3 Month Treasury Bond ETF,2025-10-08,100.45,100.45,100.45,100.44,0.0,0.02877,16811191.0,1688629450.0,0.009956192751896771,100.44
US.SGOV,iShares 0-3 Month Treasury Bond ETF,2025-10-09,100.47,100.46,100.47,100.45,0.0,0.0269,15718869.0,1579129267.0,0.0099552015928232,100.45
US.SGOV,iShares 0-3 Month Treasury Bond ETF,2025-10-10,100.5,100.51,100.51,100.49,0.0,0.03239,18966564.0,1906129554.0,0.04977105315549609,100.46
US.SGOV,iShares 0-3 Month Treasury Bond ETF,2025-10-13,100.5,100.5,100.51,100.5,0.0,0.02468,14453476.0,1452643806.0,-0.009949258780225963,100.51
US.SGOV,iShares 0-3 Month Treasury Bond ETF,2025-10-14,100.51,100.51,100.52,100.51,0.0,0.02298,13475029.0,1354440887.0,0.009950248756223995,100.5
US.SGOV,iShares 0-3 Month Treasury Bond ETF,2025-10-15,100.53,100.53,100.53,100.52,0.0,0.01888,11069105.0,1112727343.0,0.019898517560437787,100.51
US.SGOV,iShares 0-3 Month Treasury Bond ETF,2025-10-16,100.54,100.54,100.54,100.53,0.0,0.02112,12394460.0,1246082475.0,0.00994727941908397,100.53
US.SGOV,iShares 0-3 Month Treasury Bond ETF,2025-10-17,100.565,100.57,100.57,100.56,0.0,0.02479,14603544.0,1468640767.0,0.029838870101439152,100.54
US.SGOV,iShares 0-3 Month Treasury Bond ETF,2025-10-20,100.58,100.58,100.58,100.57,0.0,0.02735,16129081.0,1622241788.0,0.00994332305857126,100.57
US.SGOV,iShares 0-3 Month Treasury Bond ETF,2025-10-21,100.59,100.6,100.6,100.59,0.0,0.02038,12061925.0,1213360118.0,0.019884668920258523,100.58
US.SGOV,iShares 0-3 Month Treasury Bond ETF,2025-10-22,100.61,100.61,100.61,100.6,0.0,0.0153,9089895.0,914498976.0,0.00994035785288779,100.6
US.SGOV,iShares 0-3 Month Treasury Bond ETF,2025-10-23,100.62,100.62,100.62,100.61,0.0,0.01789,10658110.0,1072385636.0,0.009939369843956979,100.61
US.SGOV,iShares 0-3 Month Treasury Bond ETF,2025-10-24,100.65,100.65,100.65,100.64,0.0,0.02075,12382006.0,1246217870.0,0.02981514609421699,100.62
US.SGOV,iShares 0-3 Month Treasury Bond ETF,2025-10-27,100.65,100.66,100.67,100.65,0.0,0.04423,26389577.0,2656330018.0,0.009935419771476309,100.65
US.SGOV,iShares 0-3 Month Treasury Bond ETF,2025-10-28,100.67,100.67,100.68,100.67,0.0,0.01864,11134718.0,1120968943.0,0.009934432743895405,100.66
US.SGOV,iShares 0-3 Month Treasury Bond ETF,2025-10-29,100.69,100.68,100.69,100.68,0.0,0.02407,14177712.0,1427482340.0,0.009933445912392088,100.67
US.SGOV,iShares 0-3 Month Treasury Bond ETF,2025-10-30,100.69,100.69,100.7,100.69,0.0,0.02102,12370729.0,1245656167.0,0.00993245927690793,100.68
US.SGOV,iShares 0-3 Month Treasury Bond ETF,2025-10-31,100.725,100.72,100.73,100.72,0.0,0.0396,23254098.0,2342235688.0,0.0297944185122665,100.69
US.SGOV,iShares 0-3 Month Treasury Bond ETF,2025-11-03,100.395,100.4,100.4,100.39,0.0,0.04606,27049195.0,2715623850.0,-0.31771247021444915,100.72
US.SGOV,iShares 0-3 Month Treasury Bond ETF,2025-11-04,100.4,100.4,100.4,100.395,0.0,0.02715,15707493.0,1577032658.0,0.0,100.4
US.SGOV,iShares 0-3 Month Treasury Bond ETF,2025-11-05,100.41,100.42,100.42,100.41,0.0,0.0192,11334972.0,1138198647.0,0.019920318725095636,100.4
US.SGOV,iShares 0-3 Month Treasury Bond ETF,2025-11-06,100.43,100.43,100.43,100.42,0.0,0.02803,16658111.0,1672926946.0,0.009958175662223775,100.42
US.SGOV,iShares 0-3 Month Treasury Bond ETF,2025-11-07,100.46,100.46,100.46,100.45,0.0,0.03128,18799018.0,1888498850.0,0.029871552324989472,100.43
US.SGOV,iShares 0-3 Month Treasury Bond ETF,2025-11-10,100.48,100.47,100.48,100.47,0.0,0.0235,14121915.0,1418914697.0,0.009954210631102047,100.46
US.SGOV,iShares 0-3 Month Treasury Bond ETF,2025-11-11,100.48,100.48,100.48,100.47,0.0,0.01436,8697844.0,873919789.0,0.009953219866631946,100.47
US.SGOV,iShares 0-3 Month Treasury Bond ETF,2025-11-12,100.48,100.49,100.49,100.48,0.0,0.01493,9067202.0,911123943.0,0.009952229299354007,100.48
US.SGOV,iShares 0-3 Month Treasury Bond ETF,2025-11-13,100.49,100.5,100.5,100.49,0.0,0.01851,11255607.0,1131138109.0,0.009951238929251783,100.49
US.SGOV,iShares 0-3 Month Treasury Bond ETF,2025-11-14,100.53,100.53,100.53,100.52,0.0,0.02219,13522469.0,1359376160.0,0.02985074626865785,100.5
US.SGOV,iShares 0-3 Month Treasury Bond ETF,2025-11-17,100.535,100.54,100.54,100.53,0.0,0.02467,15032831.0,1511359055.0,0.00994727941908397,100.53
US.SGOV,iShares 0-3 Month Treasury Bond ETF,2025-11-18,100.54,100.54,100.55,100.54,0.0,0.02147,13130303.0,1320215729.0,0.0,100.54
US.SGOV,iShares 0-3 Month Treasury Bond ETF,2025-11-19,100.55,100.56,100.56,100.55,0.0,0.03739,23022350.0,2315085401.0,0.019892580067630814,100.54
US.SGOV,iShares 0-3 Month Treasury Bond ETF,2025-11-20,100.56,100.58,100.58,100.56,0.0,0.02467,15261696.0,1534865656.0,0.019888623707235504,100.56
US.SGOV,iShares 0-3 Month Treasury Bond ETF,2025-11-21,100.6,100.6,100.6,100.59,0.0,0.02599,16446851.0,1654517590.0,0.019884668920258523,100.58
US.SGOV,iShares 0-3 Month Treasury Bond ETF,2025-11-24,100.61,100.61,100.62,100.61,0.0,0.02502,15830786.0,1592791068.0,0.00994035785288779,100.6
US.SGOV,iShares 0-3 Month Treasury Bond ETF,2025-11-25,100.63,100.63,100.63,100.62,0.0,0.03012,19115046.0,1923462227.0,0.019878739687899834,100.61
US.SGOV,iShares 0-3 Month Treasury Bond ETF,2025-11-26,100.64,100.64,100.65,100.64,0.0,0.01864,11948523.0,1202551033.0,0.009937394415189423,100.63
US.SGOV,iShares 0-3 Month Treasury Bond ETF,2025-11-28,100.67,100.67,100.68,100.66,0.0,0.03801,24417508.0,2458024000.0,0.029809220985692705,100.64
US.SGOV,iShares 0-3 Month Treasury Bond ETF,2025-12-01,100.38,100.38,100.38,100.37,0.0,0.04518,29025592.0,2913525928.0,-0.28806993145922943,100.67
US.SGOV,iShares 0-3 Month Treasury Bond ETF,2025-12-02,100.39,100.4,100.4,100.39,0.0,0.02281,14362577.0,1441922080.0,0.019924287706724678,100.38
US.SGOV,iShares 0-3 Month Treasury Bond ETF,2025-12-03,100.41,100.41,100.415,100.41,0.0,0.02419,15531580.0,1559526135.0,0.009960159362540742,100.4
US.SGOV,iShares 0-3 Month Treasury Bond ETF,2025-12-04,100.42,100.43,100.43,100.42,0.0,0.02121,13689588.0,1374728097.0,0.019918334827218637,100.41
US.SGOV,iShares 0-3 Month Treasury Bond ETF,2025-12-05,100.45,100.46,100.46,100.45,0.0,0.0274,17918107.0,1799888605.0,0.029871552324989472,100.43
US.SGOV,iShares 0-3 Month Treasury Bond ETF,2025-12-08,100.46,100.46,100.46,100.45,0.0,0.02547,16657878.0,1673449531.0,0.0,100.46
US.SGOV,iShares 0-3 Month Treasury Bond ETF,2025-12-09,100.47,100.47,100.475,100.47,0.0,0.01677,11016406.0,1106818404.0,0.009954210631102047,100.46
US.SGOV,iShares 0-3 Month Treasury Bond ETF,2025-12-10,100.48,100.47,100.48,100.47,0.0,0.01858,12234937.0,1229366246.0,0.0,100.47
US.SGOV,iShares 0-3 Month Treasury Bond ETF,2025-12-11,100.49,100.49,100.5,100.49,0.0,0.03383,22343472.0,2245374513.0,0.019906439733249747,100.47
US.SGOV,iShares 0-3 Month Treasury Bond ETF,2025-12-12,100.52,100.53,100.53,100.52,0.0,0.02023,13320203.0,1339013261.0,0.03980495571699299,100.49
US.SGOV,iShares 0-3 Month Treasury Bond ETF,2025-12-15,100.53,100.53,100.54,100.53,0.0,0.02243,14767906.0,1484696271.0,0.0,100.53
US.SGOV,iShares 0-3 Month Treasury Bond ETF,2025-12-16,100.55,100.54,100.55,100.54,0.0,0.01625,10701203.0,1075953331.0,0.00994727941908397,100.53
US.SGOV,iShares 0-3 Month Treasury Bond ETF,2025-12-17,100.55,100.56,100.56,100.55,0.0,0.02086,13788228.0,1386477832.0,0.019892580067630814,100.54
US.SGOV,iShares 0-3 Month Treasury Bond ETF,2025-12-18,100.57,100.56,100.57,100.56,0.0,0.0315,20890620.0,2100859689.0,0.0,100.56
US.SGOV,iShares 0-3 Month Treasury Bond ETF,2025-12-19,100.28,100.28,100.28,100.27,0.0,0.02749,18203554.0,1825376032.0,-0.27844073190135354,100.56
US.SGOV,iShares 0-3 Month Treasury Bond ETF,2025-12-22,100.28,100.28,100.29,100.28,0.0,0.02702,17890913.0,1794184434.0,0.0,100.28
US.SGOV,iShares 0-3 Month Treasury Bond ETF,2025-12-23,100.3,100.29,100.3,100.29,0.0,0.01836,12256199.0,1229239236.0,0.009972078181098042,100.28
US.SGOV,iShares 0-3 Month Treasury Bond ETF,2025-12-24,100.32,100.31,100.32,100.31,0.0,0.01156,7791305.0,781589912.0,0.019942167713626502,100.29
US.SGOV,iShares 0-3 Month Treasury Bond ETF,2025-12-26,100.34,100.34,100.345,100.34,0.0,0.01877,12664284.0,1270734814.0,0.02990728740903313,100.31
US.SGOV,iShares 0-3 Month Treasury Bond ETF,2025-12-29,100.35,100.36,100.36,100.35,0.0,0.02571,17350182.0,1741127397.0,0.019932230416579648,100.34
US.SGOV,iShares 0-3 Month Treasury Bond ETF,2025-12-30,100.365,100.37,100.37,100.36,0.0,0.01862,12608916.0,1265496212.0,0.00996412913511869,100.36
US.SGOV,iShares 0-3 Month Treasury Bond ETF,2025-12-31,100.39,100.38,100.39,100.38,0.0,0.02037,13910871.0,1396438677.0,0.009963136395328191,100.37
US.SGOV,iShares 0-3 Month Treasury Bond ETF,2026-01-02,100.41,100.41,100.42,100.41,0.0,0.02797,19188771.0,1926746428.0,0.029886431560072865,100.38
US.SGOV,iShares 0-3 Month Treasury Bond ETF,2026-01-05,100.42,100.42,100.425,100.42,0.0,0.03644,25006563.0,2511159705.0,0.009959167413609318,100.41
US.SGOV,iShares 0-3 Month Treasury Bond ETF,2026-01-06,100.43,100.43,100.43,100.43,0.0,0.02554,17634991.0,1771082096.0,0.009958175662223775,100.42
US.SGOV,iShares 0-3 Month Treasury Bond ETF,2026-01-07,100.44,100.44,100.44,100.44,0.0,0.02029,14062286.0,1412416210.0,0.009957184108325107,100.43
US.SGOV,iShares 0-3 Month Treasury Bond ETF,2026-01-08,100.45,100.45,100.45,100.45,0.0,0.01634,11408769.0,1146011038.0,0.009956192751896771,100.44
US.SGOV,iShares 0-3 Month Treasury Bond ETF,2026-01-09,100.48,100.47,100.48,100.47,0.0,0.02146,15053503.0,1512544920.0,0.01991040318566055,100.45
US.SGOV,iShares 0-3 Month Treasury Bond ETF,2026-01-12,100.48,100.49,100.49,100.48,0.0,0.02113,14819410.0,1489125390.0,0.019906439733249747,100.47
US.SGOV,iShares 0-3 Month Treasury Bond ETF,2026-01-13,100.49,100.5,100.5,100.49,0.0,0.0202,14162972.0,1423312607.0,0.009951238929251783,100.49
US.SGOV,iShares 0-3 Month Treasury Bond ETF,2026-01-14,100.51,100.51,100.51,100.5,0.0,0.0169,11851802.0,1191165139.0,0.009950248756223995,100.5
US.SGOV,iShares 0-3 Month Treasury Bond ETF,2026-01-15,100.51,100.52,100.52,100.51,0.0,0.01635,11469519.0,1152858793.0,0.009949258780211825,100.51
US.SGOV,iShares 0-3 Month Treasury Bond ETF,2026-01-16,100.55,100.56,100.56,100.545,0.0,0.02099,14766771.0,1484798906.0,0.039793076004781394,100.52
US.SGOV,iShares 0-3 Month Treasury Bond ETF,2026-01-20,100.56,100.56,100.57,100.56,0.0,0.02756,19394612.0,1950353761.0,0.0,100.56
US.SGOV,iShares 0-3 Month Treasury Bond ETF,2026-01-21,100.565,100.56,100.58,100.56,0.0,0.02482,17502067.0,1760131947.0,0.0,100.56
US.SGOV,iShares 0-3 Month Treasury Bond ETF,2026-01-22,100.58,100.58,100.58,100.57,0.0,0.01935,13618465.0,1369716949.0,0.019888623707235504,100.56
US.SGOV,iShares 0-3 Month Treasury Bond ETF,2026-01-23,100.61,100.61,100.61,100.6,0.0,0.01726,12143024.0,1221670108.0,0.029827003380394845,100.58
US.SGOV,iShares 0-3 Month Treasury Bond ETF,2026-01-26,100.62,100.62,100.62,100.61,0.0,0.02399,16872019.0,1697632030.0,0.009939369843956979,100.61
US.SGOV,iShares 0-3 Month Treasury Bond ETF,2026-01-27,100.63,100.62,100.635,100.62,0.0,0.01903,13393642.0,1347780628.0,0.0,100.62
US.SGOV,iShares 0-3 Month Treasury Bond ETF,2026-01-28,100.63,100.64,100.64,100.63,0.0,0.01702,11987524.0,1206374203.0,0.01987676406280662,100.62
US.SGOV,iShares 0-3 Month Treasury Bond ETF,2026-01-29,100.64,100.65,100.65,100.64,0.0,0.02275,16031748.0,1613515129.0,0.009936406995235608,100.64
US.SGOV,iShares 0-3 Month Treasury Bond ETF,2026-01-30,100.67,100.67,100.68,100.67,0.0,0.04149,29215192.0,2941223441.0,0.019870839542966735,100.65
US.SGOV,iShares 0-3 Month Treasury Bond ETF,2026-02-02,100.38,100.37,100.38,100.37,0.0,0.04435,31225300.0,3134323916.0,-0.29800337737160737,100.67
US.SGOV,iShares 0-3 Month Treasury Bond ETF,2026-02-03,100.39,100.39,100.39,100.38,0.0,0.02593,18150784.0,1822099723.0,0.019926272790670538,100.37
US.SGOV,iShares 0-3 Month Treasury Bond ETF,2026-02-04,100.395,100.4,100.4,100.39,0.0,0.02543,18129380.0,1820133801.0,0.00996115150911955,100.39
US.SGOV,iShares 0-3 Month Treasury Bond ETF,2026-02-05,100.41,100.4,100.41,100.4,0.0,0.02846,20371152.0,2045411861.0,0.0,100.4
US.SGOV,iShares 0-3 Month Treasury Bond ETF,2026-02-06,100.43,100.43,100.44,100.43,0.0,0.02405,17381414.0,1745718928.0,0.029880478087650535,100.4
US.SGOV,iShares 0-3 Month Treasury Bond ETF,2026-02-09,100.44,100.45,100.45,100.44,0.0,0.01936,13991633.0,1405398612.0,0.019914368216664362,100.43
US.SGOV,iShares 0-3 Month Treasury Bond ETF,2026-02-10,100.46,100.46,100.46,100.45,0.0,0.01933,14002727.0,1406666959.0,0.0099552015928232,100.45
US.SGOV,iShares 0-3 Month Treasury Bond ETF,2026-02-11,100.47,100.46,100.47,100.46,0.0,0.01733,12584436.0,1264304071.0,0.0,100.46
US.SGOV,iShares 0-3 Month Treasury Bond ETF,2026-02-12,100.47,100.48,100.48,100.47,0.0,0.02279,16593919.0,1667294733.0,0.019908421262204094,100.46
US.SGOV,iShares 0-3 Month Treasury Bond ETF,2026-02-13,100.52,100.52,100.52,100.51,0.0,0.02039,14917187.0,1499420381.0,0.0398089171974443,100.48
US.SGOV,iShares 0-3 Month Treasury Bond ETF,2026-02-17,100.525,100.52,100.53,100.52,0.0,0.02047,14976248.0,1505503581.0,0.0,100.52
US.SGOV,iShares 0-3 Month Treasury Bond ETF,2026-02-18,100.54,100.54,100.54,100.53,0.0,0.01389,10207259.0,1026198364.0,0.019896538002397764,100.52
US.SGOV,iShares 0-3 Month Treasury Bond ETF,2026-02-19,100.55,100.55,100.55,100.54,0.0,0.0153,11292098.0,1135381726.0,0.009946290033808338,100.54
US.SGOV,iShares 0-3 Month Treasury Bond ETF,2026-02-20,100.58,100.57,100.58,100.57,0.0,0.01819,13489959.0,1356767537.0,0.019890601690697184,100.55
US.SGOV,iShares 0-3 Month Treasury Bond ETF,2026-02-23,100.585,100.59,100.59,100.58,0.0,0.01816,13465360.0,1354423639.0,0.01988664611714252,100.57
US.SGOV,iShares 0-3 Month Treasury Bond ETF,2026-02-24,100.595,100.59,100.6,100.59,0.0,0.01638,12168916.0,1224142521.0,0.0,100.59
US.SGOV,iShares 0-3 Month Treasury Bond ETF,2026-02-25,100.61,100.6,100.61,100.6,0.0,0.01685,12532003.0,1260786224.0,0.009941346058247246,100.59
US.SGOV,iShares 0-3 Month Treasury Bond ETF,2026-02-26,100.61,100.62,100.62,100.61,0.0,0.01834,13658525.0,1374254684.0,0.01988071570577558,100.6
US.SGOV,iShares 0-3 Month Treasury Bond ETF,2026-02-27,100.645,100.64,100.65,100.64,0.0,0.03568,26602411.0,2677338856.0,0.01987676406280662,100.62
US.SGOV,iShares 0-3 Month Treasury Bond ETF,2026-03-02,100.385,100.38,100.39,100.38,0.0,0.0456,33993436.0,3412459002.0,-0.25834658187599874,100.64
US.SGOV,iShares 0-3 Month Treasury Bond ETF,2026-03-03,100.395,100.4,100.4,100.39,0.0,0.02603,19224433.0,1930025520.0,0.019924287706724678,100.38
US.SGOV,iShares 0-3 Month Treasury Bond ETF,2026-03-04,100.405,100.4,100.41,100.4,0.0,0.01905,14325414.0,1438341009.0,0.0,100.4
US.SGOV,iShares 0-3 Month Treasury Bond ETF,2026-03-05,100.42,100.41,100.42,100.41,0.0,0.02148,16218180.0,1628547610.0,0.009960159362540742,100.4
US.SGOV,iShares 0-3 Month Treasury Bond ETF,2026-03-06,100.44,100.45,100.45,100.44,0.0,0.02479,18921252.0,1900544416.0,0.03983666965442312,100.41
US.SGOV,iShares 0-3 Month Treasury Bond ETF,2026-03-09,100.455,100.46,100.46,100.45,0.0,0.0248,19053914.0,1914061803.0,0.0099552015928232,100.45
US.SGOV,iShares 0-3 Month Treasury Bond ETF,2026-03-10,100.4673,100.46,100.47,100.46,0.0,0.01768,13664190.0,1372762885.0,0.0,100.46
US.SGOV,iShares 0-3 Month Treasury Bond ETF,2026-03-11,100.47,100.48,100.48,100.47,0.0,0.01584,12287831.0,1234612109.0,0.019908421262204094,100.46
US.SGOV,iShares 0-3 Month Treasury Bond ETF,2026-03-12,100.485,100.49,100.49,100.48,0.0,0.02252,17521912.0,1760683169.0,0.009952229299354007,100.48
US.SGOV,iShares 0-3 Month Treasury Bond ETF,2026-03-13,100.51,100.52,100.52,100.51,0.0,0.02269,17757033.0,1784837921.0,0.029853716787741208,100.49
US.SGOV,iShares 0-3 Month Treasury Bond ETF,2026-03-16,100.52,100.52,100.53,100.52,0.0,0.01892,14898451.0,1497657740.0,0.0,100.52
US.SGOV,iShares 0-3 Month Treasury Bond ETF,2026-03-17,100.535,100.54,100.54,100.53,0.0,0.01827,14438297.0,1451547299.0,0.019896538002397764,100.52
US.SGOV,iShares 0-3 Month Treasury Bond ETF,2026-03-18,100.54,100.55,100.55,100.54,0.0,0.01788,14135087.0,1421213644.0,0.009946290033808338,100.54
US.SGOV,iShares 0-3 Month Treasury Bond ETF,2026-03-19,100.555,100.55,100.56,100.54,0.0,0.02565,20345363.0,2045794737.0,0.0,100.55
US.SGOV,iShares 0-3 Month Treasury Bond ETF,2026-03-20,100.58,100.58,100.58,100.57,0.0,0.02876,23039558.0,2317264971.0,0.029835902536052845,100.55
US.SGOV,iShares 0-3 Month Treasury Bond ETF,2026-03-23,100.59,100.58,100.6,100.58,0.0,0.04226,33994335.0,3419535759.0,0.0,100.58
US.SGOV,iShares 0-3 Month Treasury Bond ETF,2026-03-24,100.605,100.61,100.61,100.6,0.0,0.02195,17660579.0,1776739167.0,0.029827003380394845,100.58
US.SGOV,iShares 0-3 Month Treasury Bond ETF,2026-03-25,100.61,100.61,100.62,100.6,0.0,0.01874,15235808.0,1532837388.0,0.0,100.61
US.SGOV,iShares 0-3 Month Treasury Bond ETF,2026-03-26,100.62,100.62,100.62,100.61,0.0,0.02127,17499424.0,1760748236.0,0.009939369843956979,100.61
US.SGOV,iShares 0-3 Month Treasury Bond ETF,2026-03-27,100.64,100.65,100.65,100.64,0.0,0.02393,19748370.0,1987599645.0,0.02981514609421699,100.62
US.SGOV,iShares 0-3 Month Treasury Bond ETF,2026-03-30,100.65,100.66,100.66,100.65,0.0,0.02314,19102660.0,1922811326.0,0.009935419771476309,100.65
US.SGOV,iShares 0-3 Month Treasury Bond ETF,2026-03-31,100.66,100.66,100.67,100.66,0.0,0.04467,36976807.0,3722269730.0,0.0,100.66
US.SGOV,iShares 0-3 Month Treasury Bond ETF,2026-04-01,100.39,100.39,100.39,100.38,0.0,0.05008,41267306.0,4142711197.0,-0.2682296840850348,100.66
US.SGOV,iShares 0-3 Month Treasury Bond ETF,2026-04-02,100.42,100.43,100.43,100.42,0.0,0.02676,22593007.0,2268943958.0,0.039844606036464045,100.39
US.SGOV,iShares 0-3 Month Treasury Bond ETF,2026-04-06,100.435,100.44,100.44,100.43,0.0,0.02752,23234725.0,2333592566.0,0.009957184108325107,100.43
US.SGOV,iShares 0-3 Month Treasury Bond ETF,2026-04-07,100.44,100.45,100.45,100.44,0.0,0.02217,18849559.0,1893370641.0,0.009956192751896771,100.44
US.SGOV,iShares 0-3 Month Treasury Bond ETF,2026-04-08,100.46,100.45,100.46,100.45,0.0,0.02835,24241591.0,2435195619.0,0.0,100.45
US.SGOV,iShares 0-3 Month Treasury Bond ETF,2026-04-09,100.47,100.46,100.47,100.46,0.0,0.02084,17796592.0,1787951900.0,0.0099552015928232,100.45
US.SGOV,iShares 0-3 Month Treasury Bond ETF,2026-04-10,100.49,100.5,100.5,100.49,0.0,0.02199,18783131.0,1887620147.0,0.03981684252439405,100.46
US.SGOV,iShares 0-3 Month Treasury Bond ETF,2026-04-13,100.5,100.51,100.51,100.5,0.0,0.02369,20215527.0,2031742065.0,0.009950248756223995,100.5
US.SGOV,iShares 0-3 Month Treasury Bond ETF,2026-04-14,100.51,100.51,100.52,100.51,0.0,0.03519,29929420.0,3008276671.0,0.0,100.51
US.SGOV,iShares 0-3 Month Treasury Bond ETF,2026-04-15,100.52,100.53,100.53,100.52,0.0,0.02326,19787095.0,1989077646.0,0.019898517560437787,100.51
US.SGOV,iShares 0-3 Month Treasury Bond ETF,2026-04-16,100.53,100.53,100.54,100.53,0.0,0.01988,16656124.0,1674501540.0,0.0,100.53
US.SGOV,iShares 0-3 Month Treasury Bond ETF,2026-04-17,100.56,100.56,100.57,100.56,0.0,0.02472,20660530.0,2077725715.0,0.029841838257237775,100.53
US.SGOV,iShares 0-3 Month Treasury Bond ETF,2026-04-20,100.57,100.57,100.58,100.57,0.0,0.02299,19208925.0,1931931983.0,0.009944311853610685,100.56
US.SGOV,iShares 0-3 Month Treasury Bond ETF,2026-04-21,100.58,100.59,100.59,100.58,0.0,0.01674,14009765.0,1409173195.0,0.01988664611714252,100.57
US.SGOV,iShares 0-3 Month Treasury Bond ETF,2026-04-22,100.6,100.6,100.6,100.59,0.0,0.01802,15070121.0,1515997897.0,0.009941346058247246,100.59
US.SGOV,iShares 0-3 Month Treasury Bond ETF,2026-04-23,100.61,100.61,100.61,100.6,0.0,0.01743,14592926.0,1468152069.0,0.00994035785288779,100.6
US.SGOV,iShares 0-3 Month Treasury Bond ETF,2026-04-24,100.64,100.64,100.64,100.63,0.0,0.01998,16816682.0,1692356652.0,0.02981810953185681,100.61
US.SGOV,iShares 0-3 Month Treasury Bond ETF,2026-04-27,100.65,100.64,100.65,100.64,0.0,0.01699,14295905.0,1438815988.0,0.0,100.64
US.SGOV,iShares 0-3 Month Treasury Bond ETF,2026-04-28,100.66,100.66,100.66,100.65,0.0,0.0158,13302589.0,1338980094.0,0.019872813990457094,100.64
US.SGOV,iShares 0-3 Month Treasury Bond ETF,2026-04-29,100.66,100.67,100.67,100.65,0.0,0.01792,15120143.0,1522064950.0,0.009934432743895405,100.66
US.SGOV,iShares 0-3 Month Treasury Bond ETF,2026-04-30,100.67,100.67,100.68,100.67,0.0,0.03085,26075192.0,2625061019.0,0.0,100.67
US.SGOV,iShares 0-3 Month Treasury Bond ETF,2026-05-01,100.41,100.41,100.41,100.4,0.0,0.04029,33809728.0,3394763567.0,-0.25826959372206726,100.67
US.SGOV,iShares 0-3 Month Treasury Bond ETF,2026-05-04,100.42,100.42,100.42,100.41,0.0,0.02476,20782279.0,2086881399.0,0.009959167413609318,100.41
US.SGOV,iShares 0-3 Month Treasury Bond ETF,2026-05-05,100.43,100.43,100.43,100.42,0.0,0.02002,17147107.0,1722032954.0,0.009958175662223775,100.42
US.SGOV,iShares 0-3 Month Treasury Bond ETF,2026-05-06,100.44,100.44,100.44,100.43,0.0,0.0239,20551238.0,2064091789.0,0.009957184108325107,100.43
US.SGOV,iShares 0-3 Month Treasury Bond ETF,2026-05-07,100.45,100.45,100.45,100.44,0.0,0.02006,17277070.0,1735428460.0,0.009956192751896771,100.44
US.SGOV,iShares 0-3 Month Treasury Bond ETF,2026-05-08,100.48,100.48,100.48,100.47,0.0,0.02343,20272051.0,2036874927.0,0.029865604778497895,100.45
US.SGOV,iShares 0-3 Month Treasury Bond ETF,2026-05-11,100.49,100.49,100.49,100.48,0.0,0.02477,21436301.0,2154052010.0,0.009952229299354007,100.48
US.SGOV,iShares 0-3 Month Treasury Bond ETF,2026-05-12,100.49,100.5,100.5,100.49,0.0,0.02107,18313613.0,1840447727.0,0.009951238929251783,100.49
US.SGOV,iShares 0-3 Month Treasury Bond ETF,2026-05-13,100.51,100.51,100.51,100.5,0.0,0.01922,16770479.0,1685533278.0,0.009950248756223995,100.5
US.SGOV,iShares 0-3 Month Treasury Bond ETF,2026-05-14,100.52,100.52,100.52,100.51,0.0,0.01793,15723898.0,1580510402.0,0.009949258780211825,100.51
US.SGOV,iShares 0-3 Month Treasury Bond ETF,2026-05-15,100.55,100.55,100.55,100.54,0.0,0.02069,18242441.0,1834218956.0,0.02984480700358251,100.52
US.SGOV,iShares 0-3 Month Treasury Bond ETF,2026-05-18,100.56,100.56,100.56,100.55,0.0,0.02673,23561151.0,2369254547.0,0.009945300845355661,100.55
US.SGOV,iShares 0-3 Month Treasury Bond ETF,2026-05-19,100.57,100.57,100.57,100.56,0.0,0.02312,20454431.0,2057051774.0,0.009944311853610685,100.56
US.SGOV,iShares 0-3 Month Treasury Bond ETF,2026-05-20,100.58,100.58,100.58,100.57,0.0,0.01893,16940909.0,1703865022.0,0.00994332305857126,100.57
US.SGOV,iShares 0-3 Month Treasury Bond ETF,2026-05-21,100.59,100.58,100.59,100.58,0.0,0.01929,17360115.0,1746193779.0,0.0,100.58
US.SGOV,iShares 0-3 Month Treasury Bond ETF,2026-05-22,100.625,100.63,100.63,100.62,0.0,0.02038,18433380.0,1854874078.0,0.04971167230065337,100.58
US.SGOV,iShares 0-3 Month Treasury Bond ETF,2026-05-26,100.64,100.64,100.64,100.63,0.0,0.02389,21664489.0,2180198140.0,0.009937394415189423,100.63
US.SGOV,iShares 0-3 Month Treasury Bond ETF,2026-05-27,100.64,100.65,100.65,100.64,0.0,0.01708,15483953.0,1558372406.0,0.009936406995235608,100.64
US.SGOV,iShares 0-3 Month Treasury Bond ETF,2026-05-28,100.658,100.65,100.66,100.65,0.0,0.01827,16616962.0,1672559610.0,0.0,100.65
US.SGOV,iShares 0-3 Month Treasury Bond ETF,2026-05-29,100.67,100.67,100.68,100.67,0.0,0.03749,34224433.0,3445530652.0,0.019870839542966735,100.65
US.SGOV,iShares 0-3 Month Treasury Bond ETF,2026-06-01,100.4,100.4,100.4,100.39,0.0,0.04371,39897675.0,4005559854.0,-0.26820303963444525,100.67
US.SGOV,iShares 0-3 Month Treasury Bond ETF,2026-06-02,100.409,100.4,100.41,100.4,0.0,0.02466,22215698.0,2230558256.0,0.0,100.4
US.SGOV,iShares 0-3 Month Treasury Bond ETF,2026-06-03,100.42,100.41,100.42,100.41,0.0,0.02165,19999231.0,2008215815.0,0.009960159362540742,100.4
US.SGOV,iShares 0-3 Month Treasury Bond ETF,2026-06-04,100.425,100.42,100.43,100.42,0.0,0.02025,18801733.0,1888155803.0,0.009959167413609318,100.41
US.SGOV,iShares 0-3 Month Treasury Bond ETF,2026-06-05,100.455,100.45,100.46,100.44,0.0,0.02986,27836867.0,2796301165.0,0.029874526986657175,100.42
US.SGOV,iShares 0-3 Month Treasury Bond ETF,2026-06-08,100.45,100.46,100.47,100.45,0.0,0.02585,24095707.0,2420650517.0,0.0099552015928232,100.45
US.SGOV,iShares 0-3 Month Treasury Bond ETF,2026-06-09,100.47,100.47,100.47,100.46,0.0,0.02756,25747543.0,2586790192.0,0.009954210631102047,100.46
US.SGOV,iShares 0-3 Month Treasury Bond ETF,2026-06-10,100.475,100.48,100.48,100.47,0.0,0.02164,20362221.0,2045935569.0,0.009953219866631946,100.47
US.SGOV,iShares 0-3 Month Treasury Bond ETF,2026-06-11,100.49,100.49,100.49,100.48,0.0,0.02649,24927702.0,2504915034.0,0.009952229299354007,100.48
US.SGOV,iShares 0-3 Month Treasury Bond ETF,2026-06-12,100.52,100.51,100.52,100.51,0.0,0.02444,23146500.0,2326588150.0,0.019902477858503565,100.49
US.SGOV,iShares 0-3 Month Treasury Bond ETF,2026-06-15,100.525,100.53,100.53,100.52,0.0,0.02664,25230668.0,2536328231.0,0.019898517560437787,100.51
US.SGOV,iShares 0-3 Month Treasury Bond ETF,2026-06-16,100.54,100.54,100.54,100.53,0.0,0.02148,20341844.0,2045105908.0,0.00994727941908397,100.53
US.SGOV,iShares 0-3 Month Treasury Bond ETF,2026-06-17,100.55,100.55,100.56,100.54,0.0,0.0169,15975153.0,1606332685.0,0.009946290033808338,100.54
US.SGOV,iShares 0-3 Month Treasury Bond ETF,2026-06-18,100.59,100.59,100.59,100.58,0.0,0.01963,18597695.0,1870678217.0,0.03978120338140851,100.55
US.SGOV,iShares 0-3 Month Treasury Bond ETF,2026-06-22,100.595,100.6,100.6,100.59,0.0,0.02145,20317278.0,2043852166.0,0.009941346058247246,100.59
US.SGOV,iShares 0-3 Month Treasury Bond ETF,2026-06-23,100.6,100.61,100.61,100.6,0.0,0.01956,18545345.0,1865781730.0,0.00994035785288779,100.6
US.SGOV,iShares 0-3 Month Treasury Bond ETF,2026-06-24,100.62,100.62,100.62,100.61,0.0,0.01892,18011781.0,1812290960.0,0.009939369843956979,100.61
US.SGOV,iShares 0-3 Month Treasury Bond ETF,2026-06-25,100.62,100.63,100.63,100.62,0.0,0.01878,17871388.0,1798330073.0,0.009938382031396248,100.62
US.SGOV,iShares 0-3 Month Treasury Bond ETF,2026-06-26,100.65,100.65,100.66,100.65,0.0,0.01484,14153395.0,1424621327.0,0.019874788830378846,100.63
US.SGOV,iShares 0-3 Month Treasury Bond ETF,2026-06-29,100.66,100.67,100.67,100.66,0.0,0.01973,18821016.0,1894605223.0,0.019870839542966735,100.65
US.SGOV,iShares 0-3 Month Treasury Bond ETF,2026-06-30,100.67,100.67,100.68,100.67,0.0,0.03034,28940574.0,2913546718.0,0.0,100.67
US.SGOV,iShares 0-3 Month Treasury Bond ETF,2026-07-01,100.395,100.4,100.4,100.39,0.0,0.04015,38244672.0,3839613879.0,-0.26820303963444525,100.67
US.SGOV,iShares 0-3 Month Treasury Bond ETF,2026-07-02,100.43,100.44,100.44,100.43,0.0,0.02388,22884779.0,2298453995.0,0.03984063745019127,100.4
US.SGOV,iShares 0-3 Month Treasury Bond ETF,2026-07-06,100.44,100.44,100.45,100.44,0.0,0.0217,20795518.0,2088811695.0,0.0,100.44
US.SGOV,iShares 0-3 Month Treasury Bond ETF,2026-07-07,100.45,100.46,100.46,100.45,0.0,0.01928,18518198.0,1860261685.0,0.019912385503779394,100.44
US.SGOV,iShares 0-3 Month Treasury Bond ETF,2026-07-08,100.46,100.47,100.47,100.46,0.0,0.01997,19251328.0,1934125065.0,0.009954210631102047,100.46
US.SGOV,iShares 0-3 Month Treasury Bond ETF,2026-07-09,100.48,100.48,100.48,100.47,0.0,0.01584,15296570.0,1536945887.0,0.009953219866631946,100.47
US.SGOV,iShares 0-3 Month Treasury Bond ETF,2026-07-10,100.5,100.5,100.51,100.5,0.0,0.01606,15612362.0,1569133649.0,0.01990445859872215,100.48
US.SGOV,iShares 0-3 Month Treasury Bond ETF,2026-07-13,100.51,100.52,100.52,100.51,0.0,0.01635,15894532.0,1597644691.0,0.019900497512433852,100.5
US.SGOV,iShares 0-3 Month Treasury Bond ETF,2026-07-14,100.53,100.52,100.53,100.52,0.0,0.01536,14999540.0,1507838778.0,0.0,100.52
US.SGOV,iShares 0-3 Month Treasury Bond ETF,2026-07-15,100.535,100.54,100.54,100.53,0.0,0.01633,15943285.0,1602858870.0,0.019896538002397764,100.52
US.SGOV,iShares 0-3 Month Treasury Bond ETF,2026-07-16,100.545,100.55,100.55,100.54,0.0,0.01649,16153782.0,1624182383.0,0.009946290033808338,100.54
US.SGOV,iShares 0-3 Month Treasury Bond ETF,2026-07-17,100.58,100.58,100.58,100.57,0.0,0.02129,20866458.0,2098655981.0,0.029835902536052845,100.55
US.SGOV,iShares 0-3 Month Treasury Bond ETF,2026-07-20,100.58,100.59,100.59,100.58,0.0,0.0195,19114520.0,1922630522.0,0.009942334460136325,100.58
US.SGOV,iShares 0-3 Month Treasury Bond ETF,2026-07-21,100.59,100.6,100.6,100.59,0.0,0.01487,14626488.0,1471349076.0,0.009941346058247246,100.59
US.SGOV,iShares 0-3 Month Treasury Bond ETF,2026-07-22,100.6,100.6,100.61,100.6,0.0,0.01284,12644365.0,1272075364.0,0.0,100.6
US.SGOV,iShares 0-3 Month Treasury Bond ETF,2026-07-23,100.61,100.61,100.62,100.6,0.0,0.02034,20047361.0,2016973452.0,0.00994035785288779,100.6
US.SGOV,iShares 0-3 Month Treasury Bond ETF,2026-07-24,100.63,100.64,100.64,100.63,0.0,0.01514,14982439.0,1507787107.0,0.02981810953185681,100.61
US.SGOV,iShares 0-3 Month Treasury Bond ETF,2026-07-27,100.64,100.65,100.65,100.64,0.0,0.01611,15942202.0,1604527507.0,0.009936406995235608,100.64
US.SGOV,iShares 0-3 Month Treasury Bond ETF,2026-07-28,100.65,100.66,100.66,100.65,0.0,0.01619,16048879.0,1615433543.0,0.009935419771476309,100.65
US.SGOV,iShares 0-3 Month Treasury Bond ETF,2026-07-29,100.67,100.68,100.68,100.66,0.0,0.01703,16931155.0,1704463361.0,0.01986886548779081,100.66
US.SGOV,iShares 0-3 Month Treasury Bond ETF,2026-07-30,100.68,100.69,100.69,100.68,0.0,0.02344,23298901.0,2345845173.0,0.00993245927690793,100.68
US.SGOV,iShares 0-3 Month Treasury Bond ETF,2026-07-31,100.71,100.71,100.72,100.71,0.0,0.02882,28605375.0,2880970730.0,0.01986294567483963,100.69
US.SGOV,iShares 0-3 Month Treasury Bond ETF,2026-08-03,100.425,100.42,100.43,100.42,0.0,0.03579,35522757.0,3567382574.0,-0.2879555158375455,100.71
US.SGOV,iShares 0-3 Month Treasury Bond ETF,2026-08-04,100.425,100.43,100.43,100.42,0.0,0.02594,25526816.0,2563576305.0,0.009958175662223775,100.42
US.SGOV,iShares 0-3 Month Treasury Bond ETF,2026-08-05,100.44,100.45,100.45,100.44,0.0,0.02142,21347101.0,2144213137.0,0.019914368216664362,100.43
US.SGOV,iShares 0-3 Month Treasury Bond ETF,2026-08-06,100.455,100.46,100.46,100.45,0.0,0.01867,18761248.0,1884660736.0,0.0099552015928232,100.45
US.SGOV,iShares 0-3 Month Treasury Bond ETF,2026-08-07,100.4801,100.48,100.49,100.48,0.0,0.02068,20930495.0,2103202146.0,0.019908421262204094,100.46
US.SGOV,iShares 0-3 Month Treasury Bond ETF,2026-08-10,100.498,100.5,100.5,100.49,0.0,0.01874,18970528.0,1906432638.0,0.01990445859872215,100.48
US.SGOV,iShares 0-3 Month Treasury Bond ETF,2026-08-11,100.51,100.51,100.51,100.5,0.0,0.01448,14663539.0,1473758870.0,0.009950248756223995,100.5
US.SGOV,iShares 0-3 Month Treasury Bond ETF,2026-08-12,100.51,100.52,100.52,100.51,0.0,0.02098,21273258.0,2138282533.0,0.009949258780211825,100.51
US.SGOV,iShares 0-3 Month Treasury Bond ETF,2026-08-13,100.52,100.53,100.53,100.52,0.0,0.01489,15134713.0,1521421113.0,0.009948269001198882,100.52
US.SGOV,iShares 0-3 Month Treasury Bond ETF,2026-08-14,100.56,100.56,100.56,100.55,0.0,0.01527,15620924.0,1570773108.0,0.029841838257237775,100.53
US.SGOV,iShares 0-3 Month Treasury Bond ETF,2026-08-17,100.565,100.56,100.57,100.56,0.0,0.01852,18951877.0,1905891615.0,0.0,100.56
US.SGOV,iShares 0-3 Month Treasury Bond ETF,2026-08-18,100.57,100.57,100.58,100.57,0.0,0.01832,18806581.0,1891479668.0,0.009944311853610685,100.56
US.SGOV,iShares 0-3 Month Treasury Bond ETF,2026-08-19,100.58,100.59,100.59,100.58,0.0,0.0195,20087708.0,2020513063.0,0.01988664611714252,100.57
US.SGOV,iShares 0-3 Month Treasury Bond ETF,2026-08-20,100.598,100.59,100.6,100.59,0.0,0.01911,19762442.0,1988015260.0,0.0,100.59
US.SGOV,iShares 0-3 Month Treasury Bond ETF,2026-08-21,100.62,100.63,100.63,100.62,0.0,0.01805,18794251.0,1891175385.0,0.03976538423301724,100.59
US.SGOV,iShares 0-3 Month Treasury Bond ETF,2026-08-24,100.638,100.64,100.64,100.63,0.0,0.01853,19292740.0,1941517206.0,0.009937394415189423,100.63
US.SGOV,iShares 0-3 Month Treasury Bond ETF,2026-08-25,100.645,100.64,100.65,100.64,0.0,0.01727,18014009.0,1813019408.0,0.0,100.64
US.SGOV,iShares 0-3 Month Treasury Bond ETF,2026-08-26,100.65,100.65,100.66,100.65,0.0,0.01395,14591625.0,1468710323.0,0.009936406995235608,100.64
US.SGOV,iShares 0-3 Month Treasury Bond ETF,2026-08-27,100.66,100.66,100.67,100.66,0.0,0.01938,20320463.0,2045541068.0,0.009935419771476309,100.65
US.SGOV,iShares 0-3 Month Treasury Bond ETF,2026-08-28,100.7,100.69,100.7,100.69,0.0,0.0238,24992706.0,2516621382.0,0.0298032982316721,100.66
US.SGOV,iShares 0-3 Month Treasury Bond ETF,2026-08-31,100.695,100.69,100.7,100.69,0.0,0.03232,33942160.0,3417777189.0,0.0,100.69
US.SGOV,iShares 0-3 Month Treasury Bond ETF,2026-09-01,100.405,100.41,100.41,100.4,0.0,0.04175,43943701.0,4412205513.0,-0.27808123944781127,100.69
US.SGOV,iShares 0-3 Month Treasury Bond ETF,2026-09-02,100.41,100.42,100.42,100.41,0.0,0.0206,21524705.0,2161383203.0,0.009959167413609318,100.41
US.SGOV,iShares 0-3 Month Treasury Bond ETF,2026-09-03,100.43,100.43,100.43,100.42,0.0,0.02005,21303411.0,2139386703.0,0.009958175662223775,100.42
US.SGOV,iShares 0-3 Month Treasury Bond ETF,2026-09-04,100.46,100.47,100.47,100.46,0.0,0.01953,20899996.0,2099718817.0,0.039828736433328724,100.43
US.SGOV,iShares 0-3 Month Treasury Bond ETF,2026-09-08,100.48,100.48,100.48,100.47,0.0,0.02478,26518268.0,2664448450.0,0.009953219866631946,100.47
US.SGOV,iShares 0-3 Month Treasury Bond ETF,2026-09-09,100.48,100.49,100.49,100.48,0.0,0.01784,19136712.0,1922951674.0,0.009952229299354007,100.48
US.SGOV,iShares 0-3 Month Treasury Bond ETF,2026-09-10,100.49,100.5,100.5,100.49,0.0,0.00214,2292920.0,230425529.404,0.009951238929251783,100.49
